rowid,Song Clean,ARTIST CLEAN,Release Year,COMBINED,First?,Year?,PlayCount,F*G
1,Caught Up in You,.38 Special,1982,Caught Up in You by .38 Special,1,1,82,82
2,Fantasy Girl,.38 Special,,Fantasy Girl by .38 Special,1,0,3,0
3,Hold On Loosely,.38 Special,1981,Hold On Loosely by .38 Special,1,1,85,85
4,Rockin' Into the Night,.38 Special,1980,Rockin' Into the Night by .38 Special,1,1,18,18
5,Art For Arts Sake,10cc,1975,Art For Arts Sake by 10cc,1,1,1,1
6,Kryptonite,3 Doors Down,2000,Kryptonite by 3 Doors Down,1,1,13,13
7,Loser,3 Doors Down,2000,Loser by 3 Doors Down,1,1,1,1
8,When I'm Gone,3 Doors Down,2002,When I'm Gone by 3 Doors Down,1,1,6,6
9,What's Up?,4 Non Blondes,1992,What's Up? by 4 Non Blondes,1,1,3,3
10,Take On Me,a-ha,1985,Take On Me by a-ha,1,1,1,1
11,"Baby, Please Don't Go",AC/DC,,"Baby, Please Don't Go by AC/DC",1,0,1,0
12,Back In Black,AC/DC,1980,Back In Black by AC/DC,1,1,97,97
13,Big Gun,AC/DC,1993,Big Gun by AC/DC,1,1,6,6
14,CAN'T STOP ROCK'N'ROLL,AC/DC,,CAN'T STOP ROCK'N'ROLL by AC/DC,1,0,5,0
15,Dirty Deeds Done Dirt Cheap,AC/DC,1976,Dirty Deeds Done Dirt Cheap by AC/DC,1,1,85,85
16,For Those About To Rock,AC/DC,1981,For Those About To Rock by AC/DC,1,1,46,46
17,Girls Got Rhythm,AC/DC,,Girls Got Rhythm by AC/DC,1,0,24,0
18,Hard As A Rock,AC/DC,1995,Hard As A Rock by AC/DC,1,1,1,1
19,Have a Drink On Me,AC/DC,1980,Have a Drink On Me by AC/DC,1,1,39,39
20,Hells Bells,AC/DC,1980,Hells Bells by AC/DC,1,1,74,74
21,Highway To Hell,AC/DC,1979,Highway To Hell by AC/DC,1,1,92,92
22,It's A Long Way To The Top,AC/DC,1975,It's A Long Way To The Top by AC/DC,1,1,39,39
23,Jailbreak,AC/DC,1984,Jailbreak by AC/DC,1,1,1,1
24,Let There Be Rock,AC/DC,1977,Let There Be Rock by AC/DC,1,1,3,3
25,Let's Get It Up,AC/DC,,Let's Get It Up by AC/DC,1,0,4,0
26,Live Wire,AC/DC,,Live Wire by AC/DC,1,0,2,0
27,Moneytalks,AC/DC,,Moneytalks by AC/DC,1,0,20,0
28,Night Prowler,AC/DC,1979,Night Prowler by AC/DC,1,1,1,1
29,Rock and Roll Ain't Noise Pollution,AC/DC,1980,Rock and Roll Ain't Noise Pollution by AC/DC,1,1,21,21
30,Shoot To Thrill,AC/DC,,Shoot To Thrill by AC/DC,1,0,45,0
31,Shot Down In Flames,AC/DC,1979,Shot Down In Flames by AC/DC,1,1,2,2
32,Sin City,AC/DC,,Sin City by AC/DC,1,0,1,0
33,T.N.T.,AC/DC,1975,T.N.T. by AC/DC,1,1,66,66
34,Thunderstruck,AC/DC,1990,Thunderstruck by AC/DC,1,1,34,34
35,Touch Too Much,AC/DC,1979,Touch Too Much by AC/DC,1,1,2,2
36,What Do You Do For Money Honey,AC/DC,,What Do You Do For Money Honey by AC/DC,1,0,2,0
37,Who Made Who,AC/DC,1986,Who Made Who by AC/DC,1,1,12,12
38,Whole Lotta Rosie,AC/DC,1977,Whole Lotta Rosie by AC/DC,1,1,3,3
39,You Shook Me All Night Long,AC/DC,1980,You Shook Me All Night Long by AC/DC,1,1,138,138
40,How Long,Ace,1974,How Long by Ace,1,1,1,1
41,Dog On A Leash,Adelitas Way,2014,Dog On A Leash by Adelitas Way,1,1,4,4
42,Angel,Aerosmith,1987,Angel by Aerosmith,1,1,12,12
43,"Baby, Please Don't Go",Aerosmith,,"Baby, Please Don't Go by Aerosmith",1,0,1,0
44,Back in the Saddle,Aerosmith,1976,Back in the Saddle by Aerosmith,1,1,39,39
45,Big Ten Inch,Aerosmith,1975,Big Ten Inch by Aerosmith,1,1,3,3
46,Come Together,Aerosmith,,Come Together by Aerosmith,1,0,65,0
47,Crazy,Aerosmith,1993,Crazy by Aerosmith,1,1,7,7
48,Cryin',Aerosmith,1993,Cryin' by Aerosmith,1,1,15,15
49,Draw The Line,Aerosmith,1977,Draw The Line by Aerosmith,1,1,1,1
50,Dream On,Aerosmith,1973,Dream On by Aerosmith,1,1,142,142
51,Dude (Looks Like a Lady),Aerosmith,1987,Dude (Looks Like a Lady) by Aerosmith,1,1,42,42
52,Jaded,Aerosmith,2001,Jaded by Aerosmith,1,1,1,1
53,Janie's Got A Gun,Aerosmith,1989,Janie's Got A Gun by Aerosmith,1,1,34,34
54,Kings and Queens,Aerosmith,,Kings and Queens by Aerosmith,1,0,1,0
55,Last Child,Aerosmith,1976,Last Child by Aerosmith,1,1,4,4
56,Let the Music Do the Talking,Aerosmith,1985,Let the Music Do the Talking by Aerosmith,1,1,1,1
57,Livin' On The Edge,Aerosmith,1993,Livin' On The Edge by Aerosmith,1,1,27,27
58,Love In An Elevator,Aerosmith,1989,Love In An Elevator by Aerosmith,1,1,35,35
59,Mama Kin,Aerosmith,1973,Mama Kin by Aerosmith,1,1,5,5
60,No More No More,Aerosmith,1975,No More No More by Aerosmith,1,1,2,2
61,One Way Street,Aerosmith,,One Way Street by Aerosmith,1,0,1,0
62,Pink,Aerosmith,1997,Pink by Aerosmith,1,1,1,1
63,Rag Doll,Aerosmith,1987,Rag Doll by Aerosmith,1,1,47,47
64,Same Old Song and Dance,Aerosmith,1974,Same Old Song and Dance by Aerosmith,1,1,18,18
65,Seasons of Wither,Aerosmith,1974,Seasons of Wither by Aerosmith,1,1,2,2
66,Sweet Emotion,Aerosmith,1975,Sweet Emotion by Aerosmith,1,1,141,141
67,The Other Side,Aerosmith,,The Other Side by Aerosmith,1,0,11,0
68,Toys in the Attic,Aerosmith,1975,Toys in the Attic by Aerosmith,1,1,2,2
69,Train Kept A-Rollin',Aerosmith,1974,Train Kept A-Rollin' by Aerosmith,1,1,15,15
70,Walk This Way,Aerosmith,1975,Walk This Way by Aerosmith,1,1,106,106
71,What It Takes,Aerosmith,1989,What It Takes by Aerosmith,1,1,31,31
72,You See Me Crying,Aerosmith,,You See Me Crying by Aerosmith,1,0,1,0
73,Hand In My Pocket,Alanis Morissette,1995,Hand In My Pocket by Alanis Morissette,1,1,1,1
74,You Oughta Know,Alanis Morissette,1995,You Oughta Know by Alanis Morissette,1,1,6,6
75,Black Velvet,Alannah Myles,1989,Black Velvet by Alannah Myles,1,1,1,1
76,Fantasy,Aldo Nova,,Fantasy by Aldo Nova,1,0,4,0
77,BE MY LOVER,Alice Cooper,,BE MY LOVER by Alice Cooper,1,0,1,0
78,Billion Dollar Babies,Alice Cooper,1973,Billion Dollar Babies by Alice Cooper,1,1,2,2
79,Eighteen,Alice Cooper,1971,Eighteen by Alice Cooper,1,1,4,4
80,Elected,Alice Cooper,1973,Elected by Alice Cooper,1,1,1,1
81,House Of Fire,Alice Cooper,,House Of Fire by Alice Cooper,1,0,1,0
82,I'm Eighteen,Alice Cooper,1971,I'm Eighteen by Alice Cooper,1,1,24,24
83,No More Mr. Nice Guy,Alice Cooper,1973,No More Mr. Nice Guy by Alice Cooper,1,1,39,39
84,School's Out,Alice Cooper,1972,School's Out by Alice Cooper,1,1,44,44
85,Under My Wheels,Alice Cooper,1971,Under My Wheels by Alice Cooper,1,1,18,18
86,Welcome To My Nightmare,Alice Cooper,1975,Welcome To My Nightmare by Alice Cooper,1,1,10,10
87,Down in a Hole,Alice In Chains,1992,Down in a Hole by Alice In Chains,1,1,1,1
88,Man In The Box,Alice In Chains,1990,Man In The Box by Alice In Chains,1,1,13,13
89,No Excuses,Alice In Chains,1994,No Excuses by Alice In Chains,1,1,2,2
90,Rooster,Alice In Chains,1992,Rooster by Alice In Chains,1,1,2,2
91,Them Bones,Alice In Chains,1992,Them Bones by Alice In Chains,1,1,2,2
92,Would?,Alice In Chains,1992,Would? by Alice In Chains,1,1,2,2
93,Ain't Wastin' Time No More,Allman Brothers Band,1972,Ain't Wastin' Time No More by Allman Brothers Band,1,1,1,1
94,Blue Sky,Allman Brothers Band,1972,Blue Sky by Allman Brothers Band,1,1,1,1
95,Good Clean Fun,Allman Brothers Band,1990,Good Clean Fun by Allman Brothers Band,1,1,2,2
96,In Memory Of Elizabeth Reed,Allman Brothers Band,1970,In Memory Of Elizabeth Reed by Allman Brothers Band,1,1,1,1
97,Jessica,Allman Brothers Band,1973,Jessica by Allman Brothers Band,1,1,12,12
98,Melissa,Allman Brothers Band,1972,Melissa by Allman Brothers Band,1,1,6,6
99,Midnight Rider,Allman Brothers Band,1970,Midnight Rider by Allman Brothers Band,1,1,21,21
100,No One to Run With,Allman Brothers Band,1994,No One to Run With by Allman Brothers Band,1,1,3,3
101,One Way Out,Allman Brothers Band,,One Way Out by Allman Brothers Band,1,0,3,0
102,Ramblin' Man,Allman Brothers Band,1973,Ramblin' Man by Allman Brothers Band,1,1,34,34
103,Southbound,Allman Brothers Band,,Southbound by Allman Brothers Band,1,0,2,0
104,Statesboro Blues,Allman Brothers Band,1971,Statesboro Blues by Allman Brothers Band,1,1,4,4
105,Whippin' Post,Allman Brothers Band,,Whippin' Post by Allman Brothers Band,1,0,6,0
106,A Horse With No Name,America,1972,A Horse With No Name by America,1,1,26,26
107,Sister Golden Hair,America,1975,Sister Golden Hair by America,1,1,19,19
108,Ventura Highway,America,1972,Ventura Highway by America,1,1,1,1
109,Don't Bring Me Down,Animals II,1966,Don't Bring Me Down by Animals II,1,1,1,1
110,Don't Let Me Be Misunderstood,Animals II,1965,Don't Let Me Be Misunderstood by Animals II,1,1,1,1
111,Immigrant Song,Ann Wilson,,Immigrant Song by Ann Wilson,1,0,2,0
112,Roller,April Wine,,Roller by April Wine,1,0,1,0
113,Hold Your Head Up,Argent,1972,Hold Your Head Up by Argent,1,1,11,11
114,Coming into Los Angeles,Arlo Guthrie,,Coming into Los Angeles by Arlo Guthrie,1,0,1,0
115,Wayside,Artful Dodger,,Wayside by Artful Dodger,1,0,1,0
116,Heat of the Moment,Asia,1982,Heat of the Moment by Asia,1,1,37,37
117,Only Time Will Tell,Asia,1982,Only Time Will Tell by Asia,1,1,3,3
118,So Into You,Atlanta Rhythm Section,1976,So Into You by Atlanta Rhythm Section,1,1,1,1
119,Spooky,Atlanta Rhythm Section,,Spooky by Atlanta Rhythm Section,1,0,1,0
120,Like a Stone,Audioslave,2002,Like a Stone by Audioslave,1,1,1,1
121,Blondes In Black Cars,Autograph,,Blondes In Black Cars by Autograph,1,0,1,0
122,Turn Up the Radio,Autograph,1984,Turn Up the Radio by Autograph,1,1,21,21
123,Rock And Roll Party In The Streets,Axe,,Rock And Roll Party In The Streets by Axe,1,0,1,0
124,Let It Ride,Bachman-Turner Overdrive,1973,Let It Ride by Bachman-Turner Overdrive,1,1,13,13
125,Roll On Down The Highway,Bachman-Turner Overdrive,,Roll On Down The Highway by Bachman-Turner Overdrive,1,0,5,0
126,Takin' Care Of Business,Bachman-Turner Overdrive,1973,Takin' Care Of Business by Bachman-Turner Overdrive,1,1,39,39
127,You Ain't Seen Nothin' Yet,Bachman-Turner Overdrive,1974,You Ain't Seen Nothin' Yet by Bachman-Turner Overdrive,1,1,69,69
128,Bad Company,Bad Company,1974,Bad Company by Bad Company,1,1,96,96
129,Burnin' Sky,Bad Company,1977,Burnin' Sky by Bad Company,1,1,41,41
130,Can't Get Enough,Bad Company,1974,Can't Get Enough by Bad Company,1,1,41,41
131,Feel Like Makin' Love,Bad Company,,Feel Like Makin' Love by Bad Company,1,0,113,0
132,Gone Gone Gone,Bad Company,,Gone Gone Gone by Bad Company,1,0,25,0
133,Good Lovin' Gone Bad,Bad Company,,Good Lovin' Gone Bad by Bad Company,1,0,10,0
134,Movin' On,Bad Company,,Movin' On by Bad Company,1,0,17,0
135,Ready For Love,Bad Company,,Ready For Love by Bad Company,1,0,45,0
136,Rock 'n' Roll Fantasy,Bad Company,,Rock 'n' Roll Fantasy by Bad Company,1,0,91,0
137,Rock Steady,Bad Company,,Rock Steady by Bad Company,1,0,3,0
138,Run With The Pack,Bad Company,,Run With The Pack by Bad Company,1,0,11,0
139,Seagull,Bad Company,1974,Seagull by Bad Company,1,1,1,1
140,Shooting Star,Bad Company,1975,Shooting Star by Bad Company,1,1,62,62
141,"Silver, Blue And Gold",Bad Company,,"Silver, Blue And Gold by Bad Company",1,0,11,0
142,When I See You Smile,Bad English,1989,When I See You Smile by Bad English,1,1,1,1
143,No Matter What,Badfinger,1970,No Matter What by Badfinger,1,1,2,2
144,Walks Like A Woman,Baton Rouge,,Walks Like A Woman by Baton Rouge,1,0,1,0
145,(You Gotta) Fight for Your Right (To Party),Beastie Boys,1986,(You Gotta) Fight for Your Right (To Party) by Beastie Boys,1,1,4,4
146,No Sleep Till Brooklyn,Beastie Boys,1986,No Sleep Till Brooklyn by Beastie Boys,1,1,3,3
147,Loser,Beck,1994,Loser by Beck,1,1,1,1
148,In a Big Country,Big Country,1983,In a Big Country by Big Country,1,1,2,2
149,Rock Around the Clock,Bill Haley,1955,Rock Around the Clock by Bill Haley,1,1,1,1
150,AIN'T NO SUNSHINE,Bill Withers,1971,AIN'T NO SUNSHINE by Bill Withers,1,1,1,1
151,Cradle of Love,Billy Idol,1990,Cradle of Love by Billy Idol,1,1,6,6
152,Dancing With Myself,Billy Idol,1980,Dancing With Myself by Billy Idol,1,1,20,20
153,Eyes Without a Face,Billy Idol,1984,Eyes Without a Face by Billy Idol,1,1,2,2
154,Mony Mony,Billy Idol,,Mony Mony by Billy Idol,1,0,21,0
155,Rebel Yell,Billy Idol,1984,Rebel Yell by Billy Idol,1,1,89,89
156,White Wedding,Billy Idol,1982,White Wedding by Billy Idol,1,1,84,84
157,Allentown,Billy Joel,1982,Allentown by Billy Joel,1,1,1,1
158,Big Shot,Billy Joel,1978,Big Shot by Billy Joel,1,1,27,27
159,Captain Jack,Billy Joel,1973,Captain Jack by Billy Joel,1,1,7,7
160,Don't Ask Me Why,Billy Joel,,Don't Ask Me Why by Billy Joel,1,0,2,0
161,Goodnight Saigon,Billy Joel,1983,Goodnight Saigon by Billy Joel,1,1,1,1
162,It's Still Rock And Roll To Me,Billy Joel,1980,It's Still Rock And Roll To Me by Billy Joel,1,1,22,22
163,Miami 2017 {seen The Lights Go Out On Broadway} (live 1,Billy Joel,1976,Miami 2017 {seen The Lights Go Out On Broadway} (live 1 by Billy Joel,1,1,5,5
164,Movin' Out (Anthony's Song),Billy Joel,1977,Movin' Out (Anthony's Song) by Billy Joel,1,1,26,26
165,My Life,Billy Joel,1978,My Life by Billy Joel,1,1,11,11
166,New York State Of Mind,Billy Joel,1976,New York State Of Mind by Billy Joel,1,1,2,2
167,Only The Good Die Young,Billy Joel,1977,Only The Good Die Young by Billy Joel,1,1,21,21
168,Piano Man,Billy Joel,1973,Piano Man by Billy Joel,1,1,37,37
169,Prelude/angry Young Man,Billy Joel,,Prelude/angry Young Man by Billy Joel,1,0,1,0
170,Scenes From An Italian Restaurant,Billy Joel,1977,Scenes From An Italian Restaurant by Billy Joel,1,1,3,3
171,SHE'S ALWAYS A WOMAN,Billy Joel,1977,SHE'S ALWAYS A WOMAN by Billy Joel,1,1,1,1
172,Sometimes A Fantasy,Billy Joel,1980,Sometimes A Fantasy by Billy Joel,1,1,3,3
173,The Ballad Of Billy The Kid,Billy Joel,1973,The Ballad Of Billy The Kid by Billy Joel,1,1,2,2
174,The Stranger,Billy Joel,1977,The Stranger by Billy Joel,1,1,5,5
175,You May Be Right,Billy Joel,1980,You May Be Right by Billy Joel,1,1,30,30
176,Baby Come Back,Billy Rankin,,Baby Come Back by Billy Rankin,1,0,1,0
177,Everybody Wants You,Billy Squier,,Everybody Wants You by Billy Squier,1,0,59,0
178,In the Dark,Billy Squier,,In the Dark by Billy Squier,1,0,24,0
179,Lonely Is the Night,Billy Squier,1981,Lonely Is the Night by Billy Squier,1,1,80,80
180,My Kinda Lover,Billy Squier,,My Kinda Lover by Billy Squier,1,0,22,0
181,Rock Me Tonight,Billy Squier,1984,Rock Me Tonight by Billy Squier,1,1,1,1
182,She's a Runner,Billy Squier,,She's a Runner by Billy Squier,1,0,1,0
183,The Stroke,Billy Squier,1981,The Stroke by Billy Squier,1,1,83,83
184,Children Of The Sun,Billy Thorpe,,Children Of The Sun by Billy Thorpe,1,0,2,0
185,Fairies Wear Boots,Black Sabbath,1970,Fairies Wear Boots by Black Sabbath,1,1,1,1
186,Heaven and Hell,Black Sabbath,1980,Heaven and Hell by Black Sabbath,1,1,1,1
187,Iron Man,Black Sabbath,1972,Iron Man by Black Sabbath,1,1,40,40
188,N.i.b.,Black Sabbath,1970,N.i.b. by Black Sabbath,1,1,8,8
189,Neon Knights,Black Sabbath,1980,Neon Knights by Black Sabbath,1,1,1,1
190,Paranoid,Black Sabbath,1970,Paranoid by Black Sabbath,1,1,105,105
191,Sweet Leaf,Black Sabbath,1971,Sweet Leaf by Black Sabbath,1,1,34,34
192,The Wizard,Black Sabbath,1970,The Wizard by Black Sabbath,1,1,1,1
193,War Pigs,Black Sabbath,1970,War Pigs by Black Sabbath,1,1,38,38
194,Highway Song,Blackfoot,,Highway Song by Blackfoot,1,0,17,0
195,"Train, Train",Blackfoot,1979,"Train, Train by Blackfoot",1,1,25,25
196,Can't Find My Way Home,Blind Faith,1969,Can't Find My Way Home by Blind Faith,1,1,4,4
197,Presence of the Lord,Blind Faith,1969,Presence of the Lord by Blind Faith,1,1,1,1
198,No Rain,Blind Melon,1992,No Rain by Blind Melon,1,1,2,2
199,Presence of the Lord,Blind Melon,,Presence of the Lord by Blind Melon,1,0,2,0
200,All the Small Things,Blink-182,1999,All the Small Things by Blink-182,1,1,1,1
201,Call Me,Blondie,1980,Call Me by Blondie,1,1,26,26
202,Heart of Glass,Blondie,1978,Heart of Glass by Blondie,1,1,11,11
203,One Way Or Another,Blondie,1978,One Way Or Another by Blondie,1,1,21,21
204,(Don't Fear) The Reaper,Blue Oyster Cult,1976,(Don't Fear) The Reaper by Blue Oyster Cult,1,1,99,99
205,Bucks Boogie,Blue Oyster Cult,,Bucks Boogie by Blue Oyster Cult,1,0,1,0
206,Burnin' for You,Blue Oyster Cult,1981,Burnin' for You by Blue Oyster Cult,1,1,107,107
207,Godzilla,Blue Oyster Cult,1977,Godzilla by Blue Oyster Cult,1,1,9,9
208,I Love the Night,Blue Oyster Cult,1977,I Love the Night by Blue Oyster Cult,1,1,2,2
209,Summertime Blues,Blue Oyster Cult,,Summertime Blues by Blue Oyster Cult,1,0,1,0
210,Song 2,Blur,1997,Song 2 by Blur,1,1,3,3
211,Just Like A Woman,Bob Dylan,1966,Just Like A Woman by Bob Dylan,1,1,1,1
212,Knockin' On Heaven's Door,Bob Dylan,1973,Knockin' On Heaven's Door by Bob Dylan,1,1,22,22
213,Like a Rolling Stone,Bob Dylan,1965,Like a Rolling Stone by Bob Dylan,1,1,3,3
214,Positively 4th Street,Bob Dylan,1965,Positively 4th Street by Bob Dylan,1,1,3,3
215,Subterranean Homesick Blues,Bob Dylan,1965,Subterranean Homesick Blues by Bob Dylan,1,1,1,1
216,Tangled Up In Blue,Bob Dylan,1975,Tangled Up In Blue by Bob Dylan,1,1,5,5
217,Exodus,Bob Marley,,Exodus by Bob Marley,1,0,1,0
218,Jamming,Bob Marley,,Jamming by Bob Marley,1,0,5,0
219,"No Woman, No Cry",Bob Marley,1975,"No Woman, No Cry by Bob Marley",1,1,1,1
220,One Love,Bob Marley,1977,One Love by Bob Marley,1,1,2,2
221,Stir It Up,Bob Marley,,Stir It Up by Bob Marley,1,0,2,0
222,Three Little Birds,Bob Marley,,Three Little Birds by Bob Marley,1,0,1,0
223,Against The Wind,Bob Seger,1980,Against The Wind by Bob Seger,1,1,39,39
224,Betty Lou's Gettin' Out Tonigh,Bob Seger,,Betty Lou's Gettin' Out Tonigh by Bob Seger,1,0,1,0
225,Come to Poppa,Bob Seger,,Come to Poppa by Bob Seger,1,0,4,0
226,Feel Like a Number,Bob Seger,,Feel Like a Number by Bob Seger,1,0,6,0
227,Fire Down Below,Bob Seger,1977,Fire Down Below by Bob Seger,1,1,1,1
228,Get Out of Denver,Bob Seger,,Get Out of Denver by Bob Seger,1,0,1,0
229,Her Strut,Bob Seger,1980,Her Strut by Bob Seger,1,1,29,29
230,Hollywood Nights,Bob Seger,1978,Hollywood Nights by Bob Seger,1,1,43,43
231,Horizontal Bop,Bob Seger,,Horizontal Bop by Bob Seger,1,0,2,0
232,Katmandu,Bob Seger,1975,Katmandu by Bob Seger,1,1,7,7
233,Mainstreet,Bob Seger,1977,Mainstreet by Bob Seger,1,1,7,7
234,Night Moves,Bob Seger,1976,Night Moves by Bob Seger,1,1,47,47
235,Old Time Rock & Roll,Bob Seger,1978,Old Time Rock & Roll by Bob Seger,1,1,42,42
236,Ramblin' Gamblin' Man,Bob Seger,1968,Ramblin' Gamblin' Man by Bob Seger,1,1,12,12
237,Rock And Roll Never Forgets,Bob Seger,1977,Rock And Roll Never Forgets by Bob Seger,1,1,24,24
238,Roll Me Away,Bob Seger,,Roll Me Away by Bob Seger,1,0,5,0
239,Still the Same,Bob Seger,1978,Still the Same by Bob Seger,1,1,15,15
240,Sunspot Baby,Bob Seger,,Sunspot Baby by Bob Seger,1,0,5,0
241,The Fire Down Below,Bob Seger,,The Fire Down Below by Bob Seger,1,0,18,0
242,Travelin' Man,Bob Seger,,Travelin' Man by Bob Seger,1,0,4,0
243,Turn On Your Love Light,Bob Seger,,Turn On Your Love Light by Bob Seger,1,0,1,0
244,Turn The Page,Bob Seger,1973,Turn The Page by Bob Seger,1,1,91,91
245,We've Got Tonite,Bob Seger,1978,We've Got Tonite by Bob Seger,1,1,1,1
246,You'll Accompany Me,Bob Seger,,You'll Accompany Me by Bob Seger,1,0,1,0
247,Hypnotized,Bob Welch,,Hypnotized by Bob Welch,1,0,2,0
248,Bad Medicine,Bon Jovi,1988,Bad Medicine by Bon Jovi,1,1,7,7
249,Blaze of Glory,Bon Jovi,1990,Blaze of Glory by Bon Jovi,1,1,8,8
250,Born To Be My Baby,Bon Jovi,1989,Born To Be My Baby by Bon Jovi,1,1,1,1
251,Lay Your Hands On Me,Bon Jovi,1988,Lay Your Hands On Me by Bon Jovi,1,1,2,2
252,Livin' On A Prayer,Bon Jovi,1986,Livin' On A Prayer by Bon Jovi,1,1,74,74
253,Raise Your Hands,Bon Jovi,,Raise Your Hands by Bon Jovi,1,0,1,0
254,Runaway,Bon Jovi,1984,Runaway by Bon Jovi,1,1,41,41
255,She Don't Know Me,Bon Jovi,,She Don't Know Me by Bon Jovi,1,0,2,0
256,Wanted Dead or Alive,Bon Jovi,1986,Wanted Dead or Alive by Bon Jovi,1,1,87,87
257,You Give Love A Bad Name,Bon Jovi,1986,You Give Love A Bad Name by Bon Jovi,1,1,63,63
258,Wait For You,Bonham,,Wait For You by Bonham,1,0,1,0
259,Green Onions,Booker T. and the MG's,1962,Green Onions by Booker T. and the MG's,1,1,4,4
260,A Man I'll Never Be,Boston,,A Man I'll Never Be by Boston,1,0,1,0
261,Amanda,Boston,1986,Amanda by Boston,1,1,4,4
262,Cool The Engines,Boston,,Cool The Engines by Boston,1,0,4,0
263,Don't Look Back,Boston,1978,Don't Look Back by Boston,1,1,86,86
264,Feelin' Satisfied,Boston,,Feelin' Satisfied by Boston,1,0,44,0
265,Foreplay (Long Time),Boston,1976,Foreplay (Long Time) by Boston,1,1,94,94
266,Hitch A Ride,Boston,1976,Hitch A Ride by Boston,1,1,11,11
267,Let Me Take You Home Tonight,Boston,1976,Let Me Take You Home Tonight by Boston,1,1,22,22
268,More Than a Feeling,Boston,1976,More Than a Feeling by Boston,1,1,134,134
269,Party,Boston,,Party by Boston,1,0,7,0
270,Peace of Mind,Boston,1976,Peace of Mind by Boston,1,1,132,132
271,Rock & Roll Band,Boston,1976,Rock & Roll Band by Boston,1,1,59,59
272,Smokin',Boston,1976,Smokin' by Boston,1,1,33,33
273,Something About You,Boston,,Something About You by Boston,1,0,26,0
274,The Journey/It's Easy,Boston,,The Journey/It's Easy by Boston,1,0,1,0
275,Used To Bad News,Boston,,Used To Bad News by Boston,1,0,1,0
276,We're Ready,Boston,,We're Ready by Boston,1,0,1,0
277,Lido Shuffle,Boz Scaggs,1976,Lido Shuffle by Boz Scaggs,1,1,11,11
278,Lowdown,Boz Scaggs,1976,Lowdown by Boz Scaggs,1,1,1,1
279,Tarkio Road,Brewer & Shipley,,Tarkio Road by Brewer & Shipley,1,0,1,0
280,The Way It Is,Bruce Hornsby & The Range,1986,The Way It Is by Bruce Hornsby & The Range,1,1,7,7
281,Atlantic City,Bruce Springsteen,1982,Atlantic City by Bruce Springsteen,1,1,1,1
282,Backstreets,Bruce Springsteen,1975,Backstreets by Bruce Springsteen,1,1,1,1
283,Badlands,Bruce Springsteen,1978,Badlands by Bruce Springsteen,1,1,2,2
284,Blinded By the Light,Bruce Springsteen,1973,Blinded By the Light by Bruce Springsteen,1,1,1,1
285,Born In the U.S.A.,Bruce Springsteen,1984,Born In the U.S.A. by Bruce Springsteen,1,1,14,14
286,Born To Run,Bruce Springsteen,1975,Born To Run by Bruce Springsteen,1,1,31,31
287,Cover Me,Bruce Springsteen,1984,Cover Me by Bruce Springsteen,1,1,1,1
288,Dancing In the Dark,Bruce Springsteen,1984,Dancing In the Dark by Bruce Springsteen,1,1,10,10
289,Glory Days,Bruce Springsteen,1984,Glory Days by Bruce Springsteen,1,1,21,21
290,Growin' Up,Bruce Springsteen,1973,Growin' Up by Bruce Springsteen,1,1,1,1
291,Hungry Heart,Bruce Springsteen,1980,Hungry Heart by Bruce Springsteen,1,1,7,7
292,I'm On Fire,Bruce Springsteen,1984,I'm On Fire by Bruce Springsteen,1,1,14,14
293,It's Hard to Be a Saint in the City,Bruce Springsteen,1973,It's Hard to Be a Saint in the City by Bruce Springsteen,1,1,1,1
294,Jersey Girl,Bruce Springsteen,,Jersey Girl by Bruce Springsteen,1,0,1,0
295,Jungleland,Bruce Springsteen,1975,Jungleland by Bruce Springsteen,1,1,2,2
296,Pink Cadillac,Bruce Springsteen,1984,Pink Cadillac by Bruce Springsteen,1,1,9,9
297,Prove It All Night,Bruce Springsteen,1978,Prove It All Night by Bruce Springsteen,1,1,2,2
298,Racing in the Streets,Bruce Springsteen,1978,Racing in the Streets by Bruce Springsteen,1,1,1,1
299,Rosalita (Come Out Tonight),Bruce Springsteen,1973,Rosalita (Come Out Tonight) by Bruce Springsteen,1,1,5,5
300,She's The One,Bruce Springsteen,1975,She's The One by Bruce Springsteen,1,1,1,1
301,Spirit In The Night,Bruce Springsteen,1973,Spirit In The Night by Bruce Springsteen,1,1,5,5
302,Tenth Avenue Freeze-Out,Bruce Springsteen,1975,Tenth Avenue Freeze-Out by Bruce Springsteen,1,1,4,4
303,Thunder Road,Bruce Springsteen,1975,Thunder Road by Bruce Springsteen,1,1,7,7
304,Cuts Like a Knife,Bryan Adams,1983,Cuts Like a Knife by Bryan Adams,1,1,17,17
305,Heaven,Bryan Adams,1984,Heaven by Bryan Adams,1,1,4,4
306,Run to You,Bryan Adams,1984,Run to You by Bryan Adams,1,1,42,42
307,Somebody,Bryan Adams,1984,Somebody by Bryan Adams,1,1,1,1
308,Summer Of '69,Bryan Adams,1984,Summer Of '69 by Bryan Adams,1,1,52,52
309,Sorry,Buckcherry,2007,Sorry by Buckcherry,1,1,1,1
310,For What It's Worth,Buffalo Springfield,1966,For What It's Worth by Buffalo Springfield,1,1,40,40
311,Mr. Soul,Buffalo Springfield,1967,Mr. Soul by Buffalo Springfield,1,1,1,1
312,Rock & Roll Woman,Buffalo Springfield,,Rock & Roll Woman by Buffalo Springfield,1,0,21,0
313,Comedown,Bush,1994,Comedown by Bush,1,1,5,5
314,Machinehead,Bush,1994,Machinehead by Bush,1,1,3,3
315,Far Behind,Candlebox,1993,Far Behind by Candlebox,1,1,3,3
316,Goin' up the Country,Canned Heat,1968,Goin' up the Country by Canned Heat,1,1,2,2
317,On the Road Again,Canned Heat,1968,On the Road Again by Canned Heat,1,1,1,1
318,IT'S TOO LATE,Carole King,1971,IT'S TOO LATE by Carole King,1,1,1,1
319,Oh Very Young,Cat Stevens,,Oh Very Young by Cat Stevens,1,0,1,0
320,WILD WORLD,Cat Stevens,1971,WILD WORLD by Cat Stevens,1,1,2,2
321,In America,Charlie Daniels Band,1980,In America by Charlie Daniels Band,1,1,1,1
322,Long Haired Country Boy,Charlie Daniels Band,1975,Long Haired Country Boy by Charlie Daniels Band,1,1,5,5
323,The Devil Went Down To Georgia,Charlie Daniels Band,1979,The Devil Went Down To Georgia by Charlie Daniels Band,1,1,25,25
324,The Legend Of Wooley Swamp,Charlie Daniels Band,,The Legend Of Wooley Swamp by Charlie Daniels Band,1,0,1,0
325,The South's Gonna Do It Again,Charlie Daniels Band,1975,The South's Gonna Do It Again by Charlie Daniels Band,1,1,1,1
326,Uneasy Rider,Charlie Daniels Band,1973,Uneasy Rider by Charlie Daniels Band,1,1,2,2
327,Ain't That a Shame,Cheap Trick,,Ain't That a Shame by Cheap Trick,1,0,8,0
328,Dream Police,Cheap Trick,,Dream Police by Cheap Trick,1,0,5,0
329,I Want You to Want Me,Cheap Trick,1977,I Want You to Want Me by Cheap Trick,1,1,110,110
330,She's Tight,Cheap Trick,,She's Tight by Cheap Trick,1,0,1,0
331,Surrender,Cheap Trick,1978,Surrender by Cheap Trick,1,1,57,57
332,Take Out The Gunman,Chevelle,2014,Take Out The Gunman by Chevelle,1,1,4,4
333,25 Or 6 To 4,Chicago,1970,25 Or 6 To 4 by Chicago,1,1,14,14
334,Beginnings,Chicago,,Beginnings by Chicago,1,0,1,0
335,Feeling Stronger Every,Chicago,1973,Feeling Stronger Every by Chicago,1,1,2,2
336,I'm a Man,Chicago,,I'm a Man by Chicago,1,0,1,0
337,JUST YOU AND ME,Chicago,,JUST YOU AND ME by Chicago,1,0,1,0
338,Make Me Smile,Chicago,1970,Make Me Smile by Chicago,1,1,1,1
339,Questions 67 and 68,Chicago,1969,Questions 67 and 68 by Chicago,1,1,1,1
340,Saturday In the Park,Chicago,1972,Saturday In the Park by Chicago,1,1,2,2
341,South California Purples,Chicago,,South California Purples by Chicago,1,0,1,0
342,JOHNNY B. GOODE,Chuck Berry,1958,JOHNNY B. GOODE by Chuck Berry,1,1,2,2
343,Coming Home,Cinderella,1988,Coming Home by Cinderella,1,1,1,1
344,Don't Know What You Got,Cinderella,1988,Don't Know What You Got by Cinderella,1,1,3,3
345,Gypsy Road,Cinderella,1988,Gypsy Road by Cinderella,1,1,1,1
346,Nobody's Fool,Cinderella,1986,Nobody's Fool by Cinderella,1,1,9,9
347,Somebody Save Me,Cinderella,1986,Somebody Save Me by Cinderella,1,1,1,1
348,Better Off Without You,Clarks,,Better Off Without You by Clarks,1,0,2,0
349,Born Too Late,Clarks,,Born Too Late by Clarks,1,0,2,0
350,Cigarette,Clarks,,Cigarette by Clarks,1,0,4,0
351,Hey You,Clarks,,Hey You by Clarks,1,0,1,0
352,Maybe,Clarks,,Maybe by Clarks,1,0,2,0
353,Penny On The Floor,Clarks,,Penny On The Floor by Clarks,1,0,1,0
354,The River,Clarks,,The River by Clarks,1,0,5,0
355,December,Collective Soul,,December by Collective Soul,1,0,8,0
356,Shine,Collective Soul,1993,Shine by Collective Soul,1,1,20,20
357,The World I Know,Collective Soul,1995,The World I Know by Collective Soul,1,1,1,1
358,Hot Rod Lincoln,Commander Cody,1971,Hot Rod Lincoln by Commander Cody,1,1,2,2
359,Monkey Bars,Coney Hatch,,Monkey Bars by Coney Hatch,1,0,1,0
360,Mr. Jones,Counting Crows,1993,Mr. Jones by Counting Crows,1,1,2,2
361,Low,Cracker,1993,Low by Cracker,1,1,2,2
362,Badge,Cream,1969,Badge by Cream,1,1,13,13
363,Born Under A Bad Sign,Cream,,Born Under A Bad Sign by Cream,1,0,9,0
364,Crossroads,Cream,1968,Crossroads by Cream,1,1,22,22
365,I'm So Glad,Cream,1966,I'm So Glad by Cream,1,1,1,1
366,Sunshine of Your Love,Cream,1967,Sunshine of Your Love by Cream,1,1,11,11
367,Tales Of Brave Ulysses,Cream,1967,Tales Of Brave Ulysses by Cream,1,1,1,1
368,White Room,Cream,1968,White Room by Cream,1,1,68,68
369,Higher,Creed,1999,Higher by Creed,1,1,4,4
370,My Sacrifice,Creed,,My Sacrifice by Creed,1,0,2,0
371,With Arms Wide Open,Creed,1999,With Arms Wide Open by Creed,1,1,1,1
372,Bad Moon Rising,Creedence Clearwater Revival,1969,Bad Moon Rising by Creedence Clearwater Revival,1,1,32,32
373,Born On the Bayou,Creedence Clearwater Revival,1969,Born On the Bayou by Creedence Clearwater Revival,1,1,25,25
374,Commotion,Creedence Clearwater Revival,,Commotion by Creedence Clearwater Revival,1,0,1,0
375,Down On the Corner,Creedence Clearwater Revival,1969,Down On the Corner by Creedence Clearwater Revival,1,1,30,30
376,Fortunate Son,Creedence Clearwater Revival,1970,Fortunate Son by Creedence Clearwater Revival,1,1,33,33
377,Green River,Creedence Clearwater Revival,1969,Green River by Creedence Clearwater Revival,1,1,3,3
378,Have You Ever Seen the Rain?,Creedence Clearwater Revival,1971,Have You Ever Seen the Rain? by Creedence Clearwater Revival,1,1,57,57
379,I Heard It Through the Grapevine,Creedence Clearwater Revival,,I Heard It Through the Grapevine by Creedence Clearwater Revival,1,0,8,0
380,Lodi,Creedence Clearwater Revival,1969,Lodi by Creedence Clearwater Revival,1,1,5,5
381,Lookin' Out My Back Door,Creedence Clearwater Revival,1970,Lookin' Out My Back Door by Creedence Clearwater Revival,1,1,20,20
382,Proud Mary,Creedence Clearwater Revival,1969,Proud Mary by Creedence Clearwater Revival,1,1,48,48
383,Run Through the Jungle,Creedence Clearwater Revival,1970,Run Through the Jungle by Creedence Clearwater Revival,1,1,14,14
384,Suzie Q,Creedence Clearwater Revival,1968,Suzie Q by Creedence Clearwater Revival,1,1,8,8
385,Sweet Hitch Hiker,Creedence Clearwater Revival,1971,Sweet Hitch Hiker by Creedence Clearwater Revival,1,1,1,1
386,The Midnight Special,Creedence Clearwater Revival,,The Midnight Special by Creedence Clearwater Revival,1,0,1,0
387,Travelin' Band,Creedence Clearwater Revival,1970,Travelin' Band by Creedence Clearwater Revival,1,1,12,12
388,Up Around the Bend,Creedence Clearwater Revival,1970,Up Around the Bend by Creedence Clearwater Revival,1,1,10,10
389,Who'll Stop the Rain,Creedence Clearwater Revival,1970,Who'll Stop the Rain by Creedence Clearwater Revival,1,1,24,24
390,Fire Woman,"Crosby, Stills & Nash",,"Fire Woman by Crosby, Stills & Nash",1,0,1,0
391,Helplessly Hoping,"Crosby, Stills & Nash",1969,"Helplessly Hoping by Crosby, Stills & Nash",1,1,1,1
392,Long Time Gone,"Crosby, Stills & Nash",1969,"Long Time Gone by Crosby, Stills & Nash",1,1,1,1
393,Southern Cross,"Crosby, Stills & Nash",1982,"Southern Cross by Crosby, Stills & Nash",1,1,9,9
394,Suite: Judy Blue Eyes,"Crosby, Stills & Nash",1969,"Suite: Judy Blue Eyes by Crosby, Stills & Nash",1,1,10,10
395,Carry On,"Crosby, Stills, Nash & Young",1970,"Carry On by Crosby, Stills, Nash & Young",1,1,6,6
396,Ohio,"Crosby, Stills, Nash & Young",1970,"Ohio by Crosby, Stills, Nash & Young",1,1,6,6
397,Woodstock,"Crosby, Stills, Nash & Young",1970,"Woodstock by Crosby, Stills, Nash & Young",1,1,37,37
398,(I Just) Died in Your Arms,Cutting Crew,1986,(I Just) Died in Your Arms by Cutting Crew,1,1,3,3
399,High Enough,Damn Yankees,1990,High Enough by Damn Yankees,1,1,1,1
400,I HEAR YOU KNOCKING,Dave Edmunds,1970,I HEAR YOU KNOCKING by Dave Edmunds,1,1,1,1
401,Headkeeper,Dave Mason,,Headkeeper by Dave Mason,1,0,1,0
402,Only You Know And I Know,Dave Mason,,Only You Know And I Know by Dave Mason,1,0,1,0
403,We Just Disagree,Dave Mason,1977,We Just Disagree by Dave Mason,1,1,1,1
404,Welcome To The Boomtown,David & David,1986,Welcome To The Boomtown by David & David,1,1,1,1
405,Changes,David Bowie,1971,Changes by David Bowie,1,1,33,33
406,China Girl,David Bowie,1983,China Girl by David Bowie,1,1,5,5
407,Diamond Dogs,David Bowie,1974,Diamond Dogs by David Bowie,1,1,1,1
408,Fame,David Bowie,1975,Fame by David Bowie,1,1,59,59
409,Fashion,David Bowie,1980,Fashion by David Bowie,1,1,17,17
410,Friday on My Mind,David Bowie,,Friday on My Mind by David Bowie,1,0,1,0
411,Golden Years,David Bowie,1975,Golden Years by David Bowie,1,1,10,10
412,Heroes,David Bowie,1977,Heroes by David Bowie,1,1,3,3
413,Jean Genie,David Bowie,,Jean Genie by David Bowie,1,0,5,0
414,Let's Dance,David Bowie,1983,Let's Dance by David Bowie,1,1,20,20
415,Modern Love,David Bowie,1983,Modern Love by David Bowie,1,1,10,10
416,Panic in Detroit,David Bowie,,Panic in Detroit by David Bowie,1,0,1,0
417,Rebel Rebel,David Bowie,1974,Rebel Rebel by David Bowie,1,1,43,43
418,Space Oddity,David Bowie,1969,Space Oddity by David Bowie,1,1,47,47
419,Starman,David Bowie,1972,Starman by David Bowie,1,1,1,1
420,Stay,David Bowie,,Stay by David Bowie,1,0,1,0
421,Suffragette City,David Bowie,1972,Suffragette City by David Bowie,1,1,18,18
422,Young Americans,David Bowie,1975,Young Americans by David Bowie,1,1,26,26
423,Ziggy Stardust,David Bowie,1972,Ziggy Stardust by David Bowie,1,1,7,7
424,Rock On,David Essex,1974,Rock On by David Essex,1,1,33,33
425,There's No Way Out Of Here,David Essex,,There's No Way Out Of Here by David Essex,1,0,1,0
426,There's No Way Out Of Here,David Gilmour,,There's No Way Out Of Here by David Gilmour,1,0,3,0
427,Frenchette,David Johansen,,Frenchette by David Johansen,1,0,1,0
428,California Girls,David Lee Roth,,California Girls by David Lee Roth,1,0,2,0
429,Just A Gigolo / I Ain't Got Nobody,David Lee Roth,1985,Just A Gigolo / I Ain't Got Nobody by David Lee Roth,1,1,8,8
430,Yankee Rose,David Lee Roth,1986,Yankee Rose by David Lee Roth,1,1,8,8
431,Burn,Deep Purple,1974,Burn by Deep Purple,1,1,1,1
432,Child In Time,Deep Purple,1970,Child In Time by Deep Purple,1,1,1,1
433,Highway Star,Deep Purple,1972,Highway Star by Deep Purple,1,1,22,22
434,Hush,Deep Purple,1968,Hush by Deep Purple,1,1,14,14
435,Kentucky Woman,Deep Purple,1968,Kentucky Woman by Deep Purple,1,1,2,2
436,Knocking At Your Backdoo,Deep Purple,1984,Knocking At Your Backdoo by Deep Purple,1,1,1,1
437,Lazy,Deep Purple,1972,Lazy by Deep Purple,1,1,1,1
438,Perfect Strangers,Deep Purple,,Perfect Strangers by Deep Purple,1,0,2,0
439,Smoke On The Water,Deep Purple,1972,Smoke On The Water by Deep Purple,1,1,43,43
440,Space Truckin',Deep Purple,,Space Truckin' by Deep Purple,1,0,22,0
441,Woman From Tokyo,Deep Purple,,Woman From Tokyo by Deep Purple,1,0,42,0
442,Animal,Def Leppard,1987,Animal by Def Leppard,1,1,35,35
443,Armageddon It,Def Leppard,1987,Armageddon It by Def Leppard,1,1,23,23
444,Bringin' On The Heartbreak,Def Leppard,,Bringin' On The Heartbreak by Def Leppard,1,0,35,0
445,Foolin',Def Leppard,,Foolin' by Def Leppard,1,0,71,0
446,Hysteria,Def Leppard,1987,Hysteria by Def Leppard,1,1,24,24
447,Love Bites,Def Leppard,1987,Love Bites by Def Leppard,1,1,25,25
448,On Through The Night,Def Leppard,,On Through The Night by Def Leppard,1,0,1,0
449,Photograph,Def Leppard,1983,Photograph by Def Leppard,1,1,88,88
450,Pour Some Sugar On Me,Def Leppard,1987,Pour Some Sugar On Me by Def Leppard,1,1,70,70
451,Rock of Ages,Def Leppard,1983,Rock of Ages by Def Leppard,1,1,65,65
452,Rock Rock,Def Leppard,,Rock Rock by Def Leppard,1,0,1,0
453,Rocket,Def Leppard,1987,Rocket by Def Leppard,1,1,15,15
454,Too Late for Love,Def Leppard,,Too Late for Love by Def Leppard,1,0,27,0
455,Enjoy the Silence,Depeche Mode,1990,Enjoy the Silence by Depeche Mode,1,1,2,2
456,Bell Bottom Blues,Derek & The Dominos,1970,Bell Bottom Blues by Derek & The Dominos,1,1,4,4
457,Have You Ever Loved a Woman,Derek & The Dominos,,Have You Ever Loved a Woman by Derek & The Dominos,1,0,1,0
458,Layla,Derek & The Dominos,1970,Layla by Derek & The Dominos,1,1,99,99
459,Recognition,Detective,,Recognition by Detective,1,0,1,0
460,ANGELOS,Dick Siegel,,ANGELOS by Dick Siegel,1,0,1,0
461,Holy Diver,Dio,,Holy Diver by Dio,1,0,7,0
462,Rainbow In the Dark,Dio,,Rainbow In the Dark by Dio,1,0,22,0
463,The Last In Line,Dio,,The Last In Line by Dio,1,0,18,0
464,Brothers In Arms,Dire Straits,1985,Brothers In Arms by Dire Straits,1,1,14,14
465,Down To The Waterline,Dire Straits,1978,Down To The Waterline by Dire Straits,1,1,12,12
466,Expresso Love,Dire Straits,1980,Expresso Love by Dire Straits,1,1,10,10
467,Industrial Disease,Dire Straits,1982,Industrial Disease by Dire Straits,1,1,21,21
468,Lady Writer,Dire Straits,1979,Lady Writer by Dire Straits,1,1,2,2
469,Money for Nothing,Dire Straits,1985,Money for Nothing by Dire Straits,1,1,56,56
470,Romeo And Juliet,Dire Straits,1980,Romeo And Juliet by Dire Straits,1,1,8,8
471,So Far Away,Dire Straits,1985,So Far Away by Dire Straits,1,1,25,25
472,Solid Rock,Dire Straits,,Solid Rock by Dire Straits,1,0,4,0
473,Sultans of Swing,Dire Straits,1978,Sultans of Swing by Dire Straits,1,1,79,79
474,Walk of Life,Dire Straits,1985,Walk of Life by Dire Straits,1,1,15,15
475,Counting Blue Cars,Dishwalla,1995,Counting Blue Cars by Dishwalla,1,1,3,3
476,Drift Away,Dobie Gray,1973,Drift Away by Dobie Gray,1,1,22,22
477,Alone Again,Dokken,,Alone Again by Dokken,1,0,1,0
478,In My Dreams,Dokken,,In My Dreams by Dokken,1,0,4,0
479,Into The Fire,Dokken,,Into The Fire by Dokken,1,0,1,0
480,Heavy Metal,Don Felder,1981,Heavy Metal by Don Felder,1,1,12,12
481,All She Wants to Do Is Dance,Don Henley,1985,All She Wants to Do Is Dance by Don Henley,1,1,10,10
482,Dirty Laundry,Don Henley,1982,Dirty Laundry by Don Henley,1,1,37,37
483,Sunset Grill,Don Henley,1985,Sunset Grill by Don Henley,1,1,6,6
484,The Boys Of Summer,Don Henley,1985,The Boys Of Summer by Don Henley,1,1,73,73
485,The Heart of the Matter,Don Henley,1989,The Heart of the Matter by Don Henley,1,1,11,11
486,The Last Worthless Evening,Don Henley,,The Last Worthless Evening by Don Henley,1,0,1,0
487,American Pie,Don McLean,1971,American Pie by Don McLean,1,1,21,21
488,Ah! Leah!,Donnie Iris,1980,Ah! Leah! by Donnie Iris,1,1,13,13
489,Love Is Like A Rock,Donnie Iris,1981,Love Is Like A Rock by Donnie Iris,1,1,1,1
490,Season of the Witch,Donovan,1966,Season of the Witch by Donovan,1,1,1,1
491,Sunshine Superman,Donovan,1966,Sunshine Superman by Donovan,1,1,1,1
492,COVER OF THE ROLLING STONE,Dr. Hook & the Medicine Show,,COVER OF THE ROLLING STONE by Dr. Hook & the Medicine Show,1,0,2,0
493,Right Place Wrong Time,Dr. John,1973,Right Place Wrong Time by Dr. John,1,1,2,2
494,"Anything, Anything",Dramarama,,"Anything, Anything by Dramarama",1,0,2,0
495,"Hey, Hey (What Can I Do?)",Led Zeppelin,1970,"Hey, Hey (What Can I Do?) by Led Zeppelin",1,1,0,0
496,Rio,Duran Duran,1982,Rio by Duran Duran,1,1,1,1
497,Already Gone,Eagles,1974,Already Gone by Eagles,1,1,71,71
498,Desperado,Eagles,1973,Desperado by Eagles,1,1,5,5
499,Heartache Tonight,Eagles,1979,Heartache Tonight by Eagles,1,1,30,30
500,Hotel California,Eagles,1976,Hotel California by Eagles,1,1,109,109
501,I Can't Tell You Why,Eagles,1979,I Can't Tell You Why by Eagles,1,1,2,2
502,In The City,Eagles,1979,In The City by Eagles,1,1,44,44
503,Life in the Fast Lane,Eagles,1976,Life in the Fast Lane by Eagles,1,1,86,86
504,Lyin' Eyes,Eagles,1975,Lyin' Eyes by Eagles,1,1,27,27
505,New Kid In Town,Eagles,1976,New Kid In Town by Eagles,1,1,2,2
506,One of These Nights,Eagles,1975,One of These Nights by Eagles,1,1,48,48
507,Peaceful Easy Feeling,Eagles,1972,Peaceful Easy Feeling by Eagles,1,1,16,16
508,Seven Bridges Road,Eagles,1980,Seven Bridges Road by Eagles,1,1,14,14
509,Take It Easy,Eagles,1972,Take It Easy by Eagles,1,1,75,75
510,Take It to the Limit,Eagles,1975,Take It to the Limit by Eagles,1,1,39,39
511,Tequila Sunrise,Eagles,1973,Tequila Sunrise by Eagles,1,1,4,4
512,The Best of My Love,Eagles,1974,The Best of My Love by Eagles,1,1,4,4
513,The Long Run,Eagles,1979,The Long Run by Eagles,1,1,50,50
514,Those Shoes,Eagles,1979,Those Shoes by Eagles,1,1,14,14
515,Victim of Love,Eagles,1976,Victim of Love by Eagles,1,1,5,5
516,Witchy Woman,Eagles,1972,Witchy Woman by Eagles,1,1,14,14
517,Baby Hold On,Eddie Money,1977,Baby Hold On by Eddie Money,1,1,26,26
518,Gimme Some Water,Eddie Money,,Gimme Some Water by Eddie Money,1,0,8,0
519,Shakin',Eddie Money,,Shakin' by Eddie Money,1,0,56,0
520,Take Me Home Tonight,Eddie Money,1986,Take Me Home Tonight by Eddie Money,1,1,35,35
521,Think I'm In Love,Eddie Money,,Think I'm In Love by Eddie Money,1,0,22,0
522,Two Tickets To Paradise,Eddie Money,,Two Tickets To Paradise by Eddie Money,1,0,59,0
523,Frankenstein,Edgar Winter Group,,Frankenstein by Edgar Winter Group,1,0,58,0
524,Free Ride,Edgar Winter Group,1973,Free Ride by Edgar Winter Group,1,1,26,26
525,WAR,Edwin Starr,1970,WAR by Edwin Starr,1,1,2,2
526,CAN'T GET IT OUT OF MY HEAD,Electric Light Orchestra,1974,CAN'T GET IT OUT OF MY HEAD by Electric Light Orchestra,1,1,1,1
527,Do Ya,Electric Light Orchestra,,Do Ya by Electric Light Orchestra,1,0,27,0
528,Don't Bring Me Down,Electric Light Orchestra,1979,Don't Bring Me Down by Electric Light Orchestra,1,1,85,85
529,Evil Woman,Electric Light Orchestra,1975,Evil Woman by Electric Light Orchestra,1,1,42,42
530,Fire On High,Electric Light Orchestra,1975,Fire On High by Electric Light Orchestra,1,1,18,18
531,Livin' Thing,Electric Light Orchestra,1976,Livin' Thing by Electric Light Orchestra,1,1,12,12
532,Roll Over Beethoven,Electric Light Orchestra,,Roll Over Beethoven by Electric Light Orchestra,1,0,3,0
533,Strange Magic,Electric Light Orchestra,1985,Strange Magic by Electric Light Orchestra,1,1,5,5
534,Sweet Talkin' Woman,Electric Light Orchestra,1978,Sweet Talkin' Woman by Electric Light Orchestra,1,1,3,3
535,Telephone Line,Electric Light Orchestra,,Telephone Line by Electric Light Orchestra,1,0,1,0
536,Turn To Stone,Electric Light Orchestra,1978,Turn To Stone by Electric Light Orchestra,1,1,5,5
537,All The Girls Love Alice,Elton John,1973,All The Girls Love Alice by Elton John,1,1,1,1
538,Bennie And The Jets,Elton John,1973,Bennie And The Jets by Elton John,1,1,62,62
539,Candle in the Wind,Elton John,1973,Candle in the Wind by Elton John,1,1,14,14
540,Captain Fantastic,Elton John,1975,Captain Fantastic by Elton John,1,1,1,1
541,Crocodile Rock,Elton John,1972,Crocodile Rock by Elton John,1,1,7,7
542,DANIEL,Elton John,1973,DANIEL by Elton John,1,1,4,4
543,Don't Let The Sun Go Down On Me,Elton John,1974,Don't Let The Sun Go Down On Me by Elton John,1,1,1,1
544,Funeral for a Friend (Love Lies Bleeding),Elton John,1973,Funeral for a Friend (Love Lies Bleeding) by Elton John,1,1,5,5
545,Goodbye Yellow Brick Road,Elton John,1973,Goodbye Yellow Brick Road by Elton John,1,1,27,27
546,Harmony,Elton John,1973,Harmony by Elton John,1,1,1,1
547,Honky Cat,Elton John,1972,Honky Cat by Elton John,1,1,2,2
548,Levon,Elton John,1071,Levon by Elton John,1,1,8,8
549,Madman Across The Water,Elton John,1971,Madman Across The Water by Elton John,1,1,1,1
550,Rocket Man,Elton John,1972,Rocket Man by Elton John,1,1,68,68
551,Saturday Night's Alright for Fighting,Elton John,1973,Saturday Night's Alright for Fighting by Elton John,1,1,34,34
552,Someone Saved My Life Tonight,Elton John,1975,Someone Saved My Life Tonight by Elton John,1,1,4,4
553,Take Me to the Pilot,Elton John,,Take Me to the Pilot by Elton John,1,0,1,0
554,Teacher I Need You,Elton John,,Teacher I Need You by Elton John,1,0,1,0
555,THE BITCH IS BACK,Elton John,1974,THE BITCH IS BACK by Elton John,1,1,1,1
556,Tiny Dancer,Elton John,1971,Tiny Dancer by Elton John,1,1,51,51
557,Where To Now St. Peter,Elton John,1970,Where To Now St. Peter by Elton John,1,1,1,1
558,Your Song,Elton John,1970,Your Song by Elton John,1,1,17,17
559,Fooled around and Fell in Love,Elvin Bishop,1975,Fooled around and Fell in Love by Elvin Bishop,1,1,1,1
560,Alison,Elvis Costello,1977,Alison by Elvis Costello,1,1,13,13
561,Pump It Up,Elvis Costello,1978,Pump It Up by Elvis Costello,1,1,3,3
562,Veronica,Elvis Costello,1989,Veronica by Elvis Costello,1,1,8,8
563,From the Beginning,"Emerson, Lake & Palmer",1972,"From the Beginning by Emerson, Lake & Palmer",1,1,1,1
564,Hoedown,"Emerson, Lake & Palmer",,"Hoedown by Emerson, Lake & Palmer",1,0,1,0
565,Karn Evil 9,"Emerson, Lake & Palmer",1973,"Karn Evil 9 by Emerson, Lake & Palmer",1,1,11,11
566,Lucky Man,"Emerson, Lake & Palmer",1970,"Lucky Man by Emerson, Lake & Palmer",1,1,8,8
567,Still You Turn Me On,"Emerson, Lake & Palmer",1973,"Still You Turn Me On by Emerson, Lake & Palmer",1,1,1,1
568,After Midnight,Eric Clapton,1970,After Midnight by Eric Clapton,1,1,16,16
569,Bad Love,Eric Clapton,1989,Bad Love by Eric Clapton,1,1,14,14
570,Call Me the Breeze,Eric Clapton,,Call Me the Breeze by Eric Clapton,1,0,3,0
571,Cocaine,Eric Clapton,1977,Cocaine by Eric Clapton,1,1,84,84
572,"Don't Think Twice, It's Alright",Eric Clapton,,"Don't Think Twice, It's Alright by Eric Clapton",1,0,1,0
573,Forever Man,Eric Clapton,1985,Forever Man by Eric Clapton,1,1,9,9
574,I Can't Stand It,Eric Clapton,1981,I Can't Stand It by Eric Clapton,1,1,9,9
575,I Shot The Sheriff,Eric Clapton,1974,I Shot The Sheriff by Eric Clapton,1,1,39,39
576,I've Got a Rock 'N' Roll Heart,Eric Clapton,,I've Got a Rock 'N' Roll Heart by Eric Clapton,1,0,3,0
577,It's In The Way That You Use It,Eric Clapton,1986,It's In The Way That You Use It by Eric Clapton,1,1,10,10
578,Knockin' On Heaven's Door,Eric Clapton,,Knockin' On Heaven's Door by Eric Clapton,1,0,16,0
579,Lay Down Sally,Eric Clapton,1977,Lay Down Sally by Eric Clapton,1,1,10,10
580,Layla,Eric Clapton,,Layla by Eric Clapton,1,0,0,0
581,Let It Grow,Eric Clapton,1974,Let It Grow by Eric Clapton,1,1,4,4
582,Let It Rain,Eric Clapton,1970,Let It Rain by Eric Clapton,1,1,24,24
583,Pretending,Eric Clapton,1989,Pretending by Eric Clapton,1,1,6,6
584,She's Waiting,Eric Clapton,1985,She's Waiting by Eric Clapton,1,1,3,3
585,Tears In Heaven,Eric Clapton,,Tears In Heaven by Eric Clapton,1,0,1,0
586,The Core,Eric Clapton,1977,The Core by Eric Clapton,1,1,1,1
587,Willie and the Hand Jive,Eric Clapton,,Willie and the Hand Jive by Eric Clapton,1,0,1,0
588,Wonderful Tonight,Eric Clapton,1977,Wonderful Tonight by Eric Clapton,1,1,15,15
589,Cliffs Of Dover,Eric Johnson,1990,Cliffs Of Dover by Eric Johnson,1,1,2,2
590,The Final Countdown,Europe,1986,The Final Countdown by Europe,1,1,5,5
591,Sweet Dreams (Are Made of This),Eurythmics,1982,Sweet Dreams (Are Made of This) by Eurythmics,1,1,2,2
592,Inside Out,Eve 6,,Inside Out by Eve 6,1,0,1,0
593,Santa Monica,Everclear,1996,Santa Monica by Everclear,1,1,2,2
594,The Boys Are Back In Town,Everclear,,The Boys Are Back In Town by Everclear,1,0,1,0
595,What It's Like,Everlast,1999,What It's Like by Everlast,1,1,4,4
596,More Than Words,Extreme,1991,More Than Words by Extreme,1,1,1,1
597,Mutha (Don't Wanna Go To School Today),Extreme,,Mutha (Don't Wanna Go To School Today) by Extreme,1,0,1,0
598,Ooh La La,Faces,1973,Ooh La La by Faces,1,1,1,1
599,Stay With Me,Faces,1971,Stay With Me by Faces,1,1,19,19
600,Epic,Faith No More,1989,Epic by Faith No More,1,1,3,3
601,House Of Pain,Faster Pussycat,1990,House Of Pain by Faster Pussycat,1,1,1,1
602,All The Kings Horses,Firm,,All The Kings Horses by Firm,1,0,1,0
603,Signs,Five Man Electrical Band,1970,Signs by Five Man Electrical Band,1,1,10,10
604,Blue Letter,Fleetwood Mac,,Blue Letter by Fleetwood Mac,1,0,1,0
605,Don't Stop,Fleetwood Mac,1977,Don't Stop by Fleetwood Mac,1,1,50,50
606,Dreams,Fleetwood Mac,1977,Dreams by Fleetwood Mac,1,1,53,53
607,Go Your Own Way,Fleetwood Mac,1977,Go Your Own Way by Fleetwood Mac,1,1,77,77
608,Gold Dust Woman,Fleetwood Mac,1977,Gold Dust Woman by Fleetwood Mac,1,1,37,37
609,Gypsy,Fleetwood Mac,1982,Gypsy by Fleetwood Mac,1,1,67,67
610,Hold Me,Fleetwood Mac,1982,Hold Me by Fleetwood Mac,1,1,1,1
611,Hypnotized,Fleetwood Mac,1973,Hypnotized by Fleetwood Mac,1,1,2,2
612,I Don't Want To Know,Fleetwood Mac,1977,I Don't Want To Know by Fleetwood Mac,1,1,3,3
613,I'm So Afraid,Fleetwood Mac,,I'm So Afraid by Fleetwood Mac,1,0,1,0
614,Landslide,Fleetwood Mac,1975,Landslide by Fleetwood Mac,1,1,29,29
615,Little Lies,Fleetwood Mac,1987,Little Lies by Fleetwood Mac,1,1,1,1
616,Monday Morning,Fleetwood Mac,1975,Monday Morning by Fleetwood Mac,1,1,30,30
617,Never Going Back Again,Fleetwood Mac,1977,Never Going Back Again by Fleetwood Mac,1,1,1,1
618,Oh Well,Fleetwood Mac,1969,Oh Well by Fleetwood Mac,1,1,10,10
619,Rhiannon,Fleetwood Mac,1975,Rhiannon by Fleetwood Mac,1,1,48,48
620,Sara,Fleetwood Mac,1980,Sara by Fleetwood Mac,1,1,1,1
621,Say You Love Me,Fleetwood Mac,,Say You Love Me by Fleetwood Mac,1,0,9,0
622,Second Hand News,Fleetwood Mac,1977,Second Hand News by Fleetwood Mac,1,1,4,4
623,Sentimental Lady,Fleetwood Mac,,Sentimental Lady by Fleetwood Mac,1,0,1,0
624,The Chain,Fleetwood Mac,1977,The Chain by Fleetwood Mac,1,1,65,65
625,Tusk,Fleetwood Mac,1979,Tusk by Fleetwood Mac,1,1,6,6
626,World Turning,Fleetwood Mac,,World Turning by Fleetwood Mac,1,0,6,0
627,You Make Loving Fun,Fleetwood Mac,1977,You Make Loving Fun by Fleetwood Mac,1,1,31,31
628,Hocus Pocus,Focus,1971,Hocus Pocus by Focus,1,1,6,6
629,Dreamer,Foghat,,Dreamer by Foghat,1,0,2,0
630,Fool For The City,Foghat,1975,Fool For The City by Foghat,1,1,26,26
631,I Just Want To Make Love To You,Foghat,,I Just Want To Make Love To You by Foghat,1,0,25,0
632,Slow Ride,Foghat,1975,Slow Ride by Foghat,1,1,77,77
633,All My Life,Foo Fighters,2002,All My Life by Foo Fighters,1,1,2,2
634,Baker Street,Foo Fighters,,Baker Street by Foo Fighters,1,0,1,0
635,Best of You,Foo Fighters,2005,Best of You by Foo Fighters,1,1,1,1
636,Everlong,Foo Fighters,1997,Everlong by Foo Fighters,1,1,6,6
637,Learn To Fly,Foo Fighters,1999,Learn To Fly by Foo Fighters,1,1,10,10
638,Monkey Wrench,Foo Fighters,1997,Monkey Wrench by Foo Fighters,1,1,3,3
639,My Hero,Foo Fighters,1997,My Hero by Foo Fighters,1,1,7,7
640,The Pretender,Foo Fighters,2007,The Pretender by Foo Fighters,1,1,1,1
641,These Days,Foo Fighters,2011,These Days by Foo Fighters,1,1,2,2
642,Times Like These,Foo Fighters,2002,Times Like These by Foo Fighters,1,1,1,1
643,"Blue Morning, Blue Day",Foreigner,,"Blue Morning, Blue Day by Foreigner",1,0,52,0
644,Cold As Ice,Foreigner,1977,Cold As Ice by Foreigner,1,1,102,102
645,Dirty White Boy,Foreigner,1979,Dirty White Boy by Foreigner,1,1,17,17
646,Double Vision,Foreigner,1978,Double Vision by Foreigner,1,1,83,83
647,Feels Like the First Time,Foreigner,1977,Feels Like the First Time by Foreigner,1,1,75,75
648,Head Games,Foreigner,,Head Games by Foreigner,1,0,43,0
649,Hot Blooded,Foreigner,1978,Hot Blooded by Foreigner,1,1,82,82
650,I Want to Know What Love Is,Foreigner,1984,I Want to Know What Love Is by Foreigner,1,1,4,4
651,Juke Box Hero,Foreigner,1981,Juke Box Hero by Foreigner,1,1,75,75
652,"Long, Long Way From Home",Foreigner,,"Long, Long Way From Home by Foreigner",1,0,34,0
653,Love Has Taken Its Toll,Foreigner,,Love Has Taken Its Toll by Foreigner,1,0,1,0
654,Starrider,Foreigner,,Starrider by Foreigner,1,0,1,0
655,That Was Yesterday,Foreigner,1984,That Was Yesterday by Foreigner,1,1,4,4
656,Urgent,Foreigner,1981,Urgent by Foreigner,1,1,61,61
657,Waiting for a Girl Like You,Foreigner,1981,Waiting for a Girl Like You by Foreigner,1,1,5,5
658,Women,Foreigner,,Women by Foreigner,1,0,1,0
659,Joe's Garage,Frank Zappa,1979,Joe's Garage by Frank Zappa,1,1,1,1
660,Peaches En Regalia,Frank Zappa,,Peaches En Regalia by Frank Zappa,1,0,1,0
661,All Right Now,Free,1970,All Right Now by Free,1,1,97,97
662,Hemorrhage,Free,,Hemorrhage by Free,1,0,1,0
663,Wishing Well,Free,1973,Wishing Well by Free,1,1,1,1
664,Maggot Brain,Funkadelic,1971,Maggot Brain by Funkadelic,1,1,1,1
665,CARS,Gary Numan,1979,CARS by Gary Numan,1,1,1,1
666,Dream Weaver,Gary Wright,1975,Dream Weaver by Gary Wright,1,1,9,9
667,Love Is Alive,Gary Wright,,Love Is Alive by Gary Wright,1,0,2,0
668,A Trick of the Tail,Genesis,1976,A Trick of the Tail by Genesis,1,1,1,1
669,Abacab,Genesis,1981,Abacab by Genesis,1,1,35,35
670,Behind The Lines,Genesis,,Behind The Lines by Genesis,1,0,2,0
671,Carpet Crawlers,Genesis,,Carpet Crawlers by Genesis,1,0,1,0
672,Follow You Follow Me,Genesis,1978,Follow You Follow Me by Genesis,1,1,18,18
673,Home by the Sea/Second Home by the Sea,Genesis,1983,Home by the Sea/Second Home by the Sea by Genesis,1,1,1,1
674,Just A Job To Do,Genesis,,Just A Job To Do by Genesis,1,0,29,0
675,Land Of Confusion,Genesis,1986,Land Of Confusion by Genesis,1,1,17,17
676,Mama,Genesis,1983,Mama by Genesis,1,1,17,17
677,Man On The Corner,Genesis,1981,Man On The Corner by Genesis,1,1,12,12
678,Misunderstanding,Genesis,1980,Misunderstanding by Genesis,1,1,23,23
679,No Reply At All,Genesis,1981,No Reply At All by Genesis,1,1,18,18
680,That's All,Genesis,1983,That's All by Genesis,1,1,35,35
681,The Lamb Lies Down On Broadway,Genesis,1974,The Lamb Lies Down On Broadway by Genesis,1,1,23,23
682,Tonight Tonight (live),Genesis,1986,Tonight Tonight (live) by Genesis,1,1,1,1
683,Turn It On Again,Genesis,1980,Turn It On Again by Genesis,1,1,23,23
684,Give Me Love,George Harrison,1973,Give Me Love by George Harrison,1,1,3,3
685,GOT MY MIND SET ON YOU,George Harrison,1987,GOT MY MIND SET ON YOU by George Harrison,1,1,1,1
686,My Sweet Lord,George Harrison,1970,My Sweet Lord by George Harrison,1,1,6,6
687,Bad to the Bone,George Thorogood,1982,Bad to the Bone by George Thorogood,1,1,63,63
688,Delaware Slide,George Thorogood,,Delaware Slide by George Thorogood,1,0,1,0
689,Get A Haircut,George Thorogood,,Get A Haircut by George Thorogood,1,0,1,0
690,I Drink Alone,George Thorogood,1985,I Drink Alone by George Thorogood,1,1,33,33
691,It Wasn't Me,George Thorogood,,It Wasn't Me by George Thorogood,1,0,6,0
692,Move It On Over,George Thorogood,,Move It On Over by George Thorogood,1,0,14,0
693,"One Bourbon, One Scotch, One Beer",George Thorogood,,"One Bourbon, One Scotch, One Beer by George Thorogood",1,0,23,0
694,Who Do You Love,George Thorogood,,Who Do You Love by George Thorogood,1,0,37,0
695,Keep Your Hands To Yourself,Georgia Satellites,1986,Keep Your Hands To Yourself by Georgia Satellites,1,1,17,17
696,Baker Street,Gerry Rafferty,1978,Baker Street by Gerry Rafferty,1,1,16,16
697,Right Down the Line,Gerry Rafferty,1978,Right Down the Line by Gerry Rafferty,1,1,8,8
698,Found Out About You,Gin Blossoms,1993,Found Out About You by Gin Blossoms,1,1,1,1
699,Hey Jealousy,Gin Blossoms,1992,Hey Jealousy by Gin Blossoms,1,1,3,3
700,Smuggler's Blues,Glenn Frey,1984,Smuggler's Blues by Glenn Frey,1,1,3,3
701,You Belong to the City,Glenn Frey,1985,You Belong to the City by Glenn Frey,1,1,2,2
702,Marakesh Express,Gold Star Ballroom Orchestra,,Marakesh Express by Gold Star Ballroom Orchestra,1,0,2,0
703,Are You Receiving Me,Golden Earring,1973,Are You Receiving Me by Golden Earring,1,1,1,1
704,Radar Love,Golden Earring,1973,Radar Love by Golden Earring,1,1,66,66
705,Twilight Zone,Golden Earring,1983,Twilight Zone by Golden Earring,1,1,75,75
706,Sundown,Gordon Lightfoot,1974,Sundown by Gordon Lightfoot,1,1,7,7
707,Soulshine,Gov't Mule,,Soulshine by Gov't Mule,1,0,3,0
708,Bad Time,Grand Funk Railroad,1974,Bad Time by Grand Funk Railroad,1,1,1,1
709,Closer To Home (I'm Your Captain),Grand Funk Railroad,1970,Closer To Home (I'm Your Captain) by Grand Funk Railroad,1,1,8,8
710,Loco-Motion,Grand Funk Railroad,1974,Loco-Motion by Grand Funk Railroad,1,1,9,9
711,Shinin' On,Grand Funk Railroad,1974,Shinin' On by Grand Funk Railroad,1,1,1,1
712,Some Kind of Wonderful,Grand Funk Railroad,1975,Some Kind of Wonderful by Grand Funk Railroad,1,1,14,14
713,We're an American Band,Grand Funk Railroad,1973,We're an American Band by Grand Funk Railroad,1,1,25,25
714,Alabama Getaway,Grateful Dead,,Alabama Getaway by Grateful Dead,1,0,1,0
715,Black-Throated Wind,Grateful Dead,,Black-Throated Wind by Grateful Dead,1,0,1,0
716,Casey Jones,Grateful Dead,1970,Casey Jones by Grateful Dead,1,1,3,3
717,CHINA TOWN SHUFFLE ,Grateful Dead,,CHINA TOWN SHUFFLE  by Grateful Dead,1,0,1,0
718,Friend Of The Devil,Grateful Dead,1970,Friend Of The Devil by Grateful Dead,1,1,2,2
719,Hell in a Bucket,Grateful Dead,,Hell in a Bucket by Grateful Dead,1,0,1,0
720,Loser,Grateful Dead,,Loser by Grateful Dead,1,0,1,0
721,Me and Bobby McGee,Grateful Dead,,Me and Bobby McGee by Grateful Dead,1,0,1,0
722,NOT FADEAWAY/GOING /AWAY,Grateful Dead,,NOT FADEAWAY/GOING /AWAY by Grateful Dead,1,0,1,0
723,Scarlet Begonias,Grateful Dead,,Scarlet Begonias by Grateful Dead,1,0,2,0
724,Shakedown Street,Grateful Dead,,Shakedown Street by Grateful Dead,1,0,2,0
725,Sugar Magnolia,Grateful Dead,1970,Sugar Magnolia by Grateful Dead,1,1,3,3
726,Touch of Grey,Grateful Dead,1987,Touch of Grey by Grateful Dead,1,1,26,26
727,Truckin',Grateful Dead,1970,Truckin' by Grateful Dead,1,1,19,19
728,Turn On Your Lovelight,Grateful Dead,,Turn On Your Lovelight by Grateful Dead,1,0,1,0
729,U.S. Blues,Grateful Dead,,U.S. Blues by Grateful Dead,1,0,2,0
730,Uncle John's Band,Grateful Dead,1969,Uncle John's Band by Grateful Dead,1,1,9,9
731,Mista Bone,Great White,,Mista Bone by Great White,1,0,1,0
732,"Once Bitten, Twice Shy",Great White,1989,"Once Bitten, Twice Shy by Great White",1,1,12,12
733,Rock Me,Great White,,Rock Me by Great White,1,0,4,0
734,Rollin' Stoned,Great White,,Rollin' Stoned by Great White,1,0,1,0
735,Save Your Love,Great White,,Save Your Love by Great White,1,0,1,0
736,Basket Case,Green Day,1994,Basket Case by Green Day,1,1,5,5
737,Boulevard Of Broken Dreams,Green Day,2004,Boulevard Of Broken Dreams by Green Day,1,1,6,6
738,Brain Stew/Jaded,Green Day,1995,Brain Stew/Jaded by Green Day,1,1,1,1
739,Good Riddance (Time Of Your Life),Green Day,1997,Good Riddance (Time Of Your Life) by Green Day,1,1,10,10
740,Holiday (Live),Green Day,2004,Holiday (Live) by Green Day,1,1,4,4
741,Holiday / Boulevard of Broken Dreams,Green Day,2004,Holiday / Boulevard of Broken Dreams by Green Day,1,1,5,5
742,Longview,Green Day,1994,Longview by Green Day,1,1,2,2
743,When I Come Around,Green Day,1994,When I Come Around by Green Day,1,1,14,14
744,The Break Up Song,Greg Kihn Band,1981,The Break Up Song by Greg Kihn Band,1,1,49,49
745,I'm No Angel,Gregg Allman,1987,I'm No Angel by Gregg Allman,1,1,17,17
746,Midnight Rider,Gregg Allman,1970,Midnight Rider by Gregg Allman,1,1,6,6
747,American Woman,Guess Who,1970,American Woman by Guess Who,1,1,80,80
748,Friends Of Mine,Guess Who,,Friends Of Mine by Guess Who,1,0,1,0
749,No Sugar Tonight / New Mother Nature,Guess Who,1970,No Sugar Tonight / New Mother Nature by Guess Who,1,1,11,11
750,No Time,Guess Who,,No Time by Guess Who,1,0,4,0
751,THESE EYES,Guess Who,1969,THESE EYES by Guess Who,1,1,1,1
752,Civil War,Guns N' Roses,1991,Civil War by Guns N' Roses,1,1,1,1
753,Don't Cry,Guns N' Roses,,Don't Cry by Guns N' Roses,1,0,3,0
754,Knockin' On Heaven's Door,Guns N' Roses,,Knockin' On Heaven's Door by Guns N' Roses,1,0,31,0
755,Live and Let Die,Guns N' Roses,,Live and Let Die by Guns N' Roses,1,0,29,0
756,Mr. Brownstone,Guns N' Roses,1987,Mr. Brownstone by Guns N' Roses,1,1,1,1
757,My Michelle,Guns N' Roses,1987,My Michelle by Guns N' Roses,1,1,1,1
758,November Rain,Guns N' Roses,1991,November Rain by Guns N' Roses,1,1,13,13
759,Paradise City,Guns N' Roses,1987,Paradise City by Guns N' Roses,1,1,75,75
760,Patience,Guns N' Roses,1988,Patience by Guns N' Roses,1,1,21,21
761,Sweet Child O' Mine,Guns N' Roses,1987,Sweet Child O' Mine by Guns N' Roses,1,1,85,85
762,Used To Love Her,Guns N' Roses,1988,Used To Love Her by Guns N' Roses,1,1,1,1
763,Welcome to the Jungle,Guns N' Roses,1987,Welcome to the Jungle by Guns N' Roses,1,1,74,74
764,You Could Be Mine,Guns N' Roses,,You Could Be Mine by Guns N' Roses,1,0,4,0
765,AS FAR AS YOU CAN SEE (AS MU,Gypsy,,AS FAR AS YOU CAN SEE (AS MU by Gypsy,1,0,1,0
766,Axel F Theme,Harold Faltermeyer,1984,Axel F Theme by Harold Faltermeyer,1,1,1,1
767,Cat's In The Cradle,Harry Chapin,1974,Cat's In The Cradle by Harry Chapin,1,1,4,4
768,W*O*L*D*,Harry Chapin,1974,W*O*L*D* by Harry Chapin,1,1,1,1
769,Jump into the Fire,Harry Nilsson,,Jump into the Fire by Harry Nilsson,1,0,3,0
770,Never Been Any Reason,Head East,1975,Never Been Any Reason by Head East,1,1,16,16
771,All I Wanna Do Is Make Love to You,Heart,,All I Wanna Do Is Make Love to You by Heart,1,0,2,0
772,Alone,Heart,1987,Alone by Heart,1,1,4,4
773,Barracuda,Heart,1977,Barracuda by Heart,1,1,113,113
774,Bebe le Strange,Heart,,Bebe le Strange by Heart,1,0,1,0
775,Crazy On You,Heart,1976,Crazy On You by Heart,1,1,125,125
776,Dog & Butterfly,Heart,,Dog & Butterfly by Heart,1,0,3,0
777,Dreamboat Annie,Heart,1976,Dreamboat Annie by Heart,1,1,3,3
778,Even It Up,Heart,,Even It Up by Heart,1,0,8,0
779,Heartless,Heart,,Heartless by Heart,1,0,3,0
780,How Can I Refuse,Heart,1983,How Can I Refuse by Heart,1,1,2,2
781,If Looks Could Kill,Heart,,If Looks Could Kill by Heart,1,0,2,0
782,Kick It Out,Heart,,Kick It Out by Heart,1,0,7,0
783,Little Queen,Heart,,Little Queen by Heart,1,0,1,0
784,Love Alive,Heart,,Love Alive by Heart,1,0,1,0
785,Magic Man,Heart,1976,Magic Man by Heart,1,1,115,115
786,Mistral Wind,Heart,,Mistral Wind by Heart,1,0,1,0
787,Never,Heart,,Never by Heart,1,0,3,0
788,Nothin' at All,Heart,,Nothin' at All by Heart,1,0,4,0
789,Rock And Roll,Heart,,Rock And Roll by Heart,1,0,1,0
790,Stairway To Heaven,Heart,,Stairway To Heaven by Heart,1,0,4,0
791,Straight On,Heart,1978,Straight On by Heart,1,1,36,36
792,Tell It Like It Is,Heart,,Tell It Like It Is by Heart,1,0,2,0
793,What About Love?,Heart,,What About Love? by Heart,1,0,3,0
794,Who Will You Run To,Heart,,Who Will You Run To by Heart,1,0,2,0
795,House Of Living,Heartsfield,,House Of Living by Heartsfield,1,0,1,0
796,Sangre Por Sangre,HellYeah,,Sangre Por Sangre by HellYeah,1,0,4,0
797,Grey Ghost,Henry Paul Band,1979,Grey Ghost by Henry Paul Band,1,1,1,1
798,Long Cool Woman,Hollies,1971,Long Cool Woman by Hollies,1,1,39,39
799,New Girl Now,Honeymoon Suite,,New Girl Now by Honeymoon Suite,1,0,2,0
800,ALL YOU ZOMBIES,Hooters,1985,ALL YOU ZOMBIES by Hooters,1,1,4,4
801,AND WE DANCED,Hooters,1985,AND WE DANCED by Hooters,1,1,4,4
802,I Want A New Drug,Huey Lewis & The News,1983,I Want A New Drug by Huey Lewis & The News,1,1,4,4
803,30 Days In the Hole,Humble Pie,1972,30 Days In the Hole by Humble Pie,1,1,2,2
804,Lust for Life,Iggy Pop,1977,Lust for Life by Iggy Pop,1,1,4,4
805,The Passenger,Iggy Pop,1977,The Passenger by Iggy Pop,1,1,1,1
806,Radioactive,Imagine Dragons,2012,Radioactive by Imagine Dragons,1,1,3,3
807,Devil Inside,INXS,1988,Devil Inside by INXS,1,1,5,5
808,Need You Tonight,INXS,1987,Need You Tonight by INXS,1,1,12,12
809,New Sensation,INXS,,New Sensation by INXS,1,0,2,0
810,What You Need,INXS,1985,What You Need by INXS,1,1,28,28
811,In A Gadda Da Vida,Iron Butterfly,1968,In A Gadda Da Vida by Iron Butterfly,1,1,1,1
812,Flight Of Icarus,Iron Maiden,1983,Flight Of Icarus by Iron Maiden,1,1,1,1
813,Run To The Hills,Iron Maiden,1982,Run To The Hills by Iron Maiden,1,1,27,27
814,The Number Of The Beast,Iron Maiden,1982,The Number Of The Beast by Iron Maiden,1,1,18,18
815,The Trooper,Iron Maiden,1983,The Trooper by Iron Maiden,1,1,3,3
816,Wasted Years,Iron Maiden,1986,Wasted Years by Iron Maiden,1,1,8,8
817,Centerfold,J. Geils Band,1981,Centerfold by J. Geils Band,1,1,78,78
818,Freeze-frame,J. Geils Band,1981,Freeze-frame by J. Geils Band,1,1,17,17
819,Give It To Me,J. Geils Band,1973,Give It To Me by J. Geils Band,1,1,28,28
820,Houseparty,J. Geils Band,,Houseparty by J. Geils Band,1,0,1,0
821,Looking For A Love,J. Geils Band,,Looking For A Love by J. Geils Band,1,0,1,0
822,Love Stinks,J. Geils Band,,Love Stinks by J. Geils Band,1,0,10,0
823,Must of Got Lost,J. Geils Band,,Must of Got Lost by J. Geils Band,1,0,10,0
824,Night Time,J. Geils Band,,Night Time by J. Geils Band,1,0,1,0
825,Whammer Jammer,J. Geils Band,,Whammer Jammer by J. Geils Band,1,0,2,0
826,Boulevard,Jackson Browne,,Boulevard by Jackson Browne,1,0,5,0
827,Doctor My Eyes,Jackson Browne,1972,Doctor My Eyes by Jackson Browne,1,1,9,9
828,Load Out/Stay,Jackson Browne,1977,Load Out/Stay by Jackson Browne,1,1,2,2
829,Redneck Friend,Jackson Browne,1973,Redneck Friend by Jackson Browne,1,1,1,1
830,Running On Empty,Jackson Browne,1977,Running On Empty by Jackson Browne,1,1,39,39
831,Somebody's Baby,Jackson Browne,1982,Somebody's Baby by Jackson Browne,1,1,7,7
832,Take It Easy,Jackson Browne,,Take It Easy by Jackson Browne,1,0,5,0
833,The Load-out/stay,Jackson Browne,1977,The Load-out/stay by Jackson Browne,1,1,21,21
834,The Road and the Sky,Jackson Browne,1977,The Road and the Sky by Jackson Browne,1,1,1,1
835,Funk #49,James Gang,1970,Funk #49 by James Gang,1,1,18,18
836,Walk Away,James Gang,,Walk Away by James Gang,1,0,10,0
837,YOU'VE GOT A FRIEND,JAMES TAYLOR,1971,YOU'VE GOT A FRIEND by JAMES TAYLOR,1,1,1,1
838,Been Caught Stealing,Jane's Addiction,1990,Been Caught Stealing by Jane's Addiction,1,1,3,3
839,Jane Says,Jane's Addiction,1988,Jane Says by Jane's Addiction,1,1,1,1
840,Get It While You Can,Janis Joplin,1971,Get It While You Can by Janis Joplin,1,1,1,1
841,Me and Bobby McGee,Janis Joplin,1971,Me and Bobby McGee by Janis Joplin,1,1,23,23
842,Move Over,Janis Joplin,1971,Move Over by Janis Joplin,1,1,2,2
843,Piece of My Heart,Janis Joplin,1968,Piece of My Heart by Janis Joplin,1,1,28,28
844,Summertime,Janis Joplin,,Summertime by Janis Joplin,1,0,3,0
845,Shakedown Cruise,Jay Ferguson,,Shakedown Cruise by Jay Ferguson,1,0,1,0
846,Thunder Island,Jay Ferguson,1978,Thunder Island by Jay Ferguson,1,1,3,3
847,Freeway Jam,Jeff Beck,1975,Freeway Jam by Jeff Beck,1,1,1,1
848,Rice Pudding,Jeff Beck,,Rice Pudding by Jeff Beck,1,0,1,0
849,Somebody to Love,Jefferson Airplane,1967,Somebody to Love by Jefferson Airplane,1,1,13,13
850,White Rabbit,Jefferson Airplane,1967,White Rabbit by Jefferson Airplane,1,1,23,23
851,Find Your Way Back,Jefferson Starship,,Find Your Way Back by Jefferson Starship,1,0,20,0
852,Jane,Jefferson Starship,1979,Jane by Jefferson Starship,1,1,32,32
853,Ride the Tiger,Jefferson Starship,,Ride the Tiger by Jefferson Starship,1,0,1,0
854,We Built This City,Jefferson Starship,1985,We Built This City by Jefferson Starship,1,1,3,3
855,Right Here Right Now,Jesus Jones,1991,Right Here Right Now by Jesus Jones,1,1,3,3
856,Are You Gonna Be My Girl,Jet,2003,Are You Gonna Be My Girl by Jet,1,1,1,1
857,Cold Hard Bitch,Jet,2004,Cold Hard Bitch by Jet,1,1,2,2
858,Aqualung,Jethro Tull,1971,Aqualung by Jethro Tull,1,1,21,21
859,Bungle In The Jungle,Jethro Tull,1974,Bungle In The Jungle by Jethro Tull,1,1,19,19
860,Cross-eyed Mary,Jethro Tull,1971,Cross-eyed Mary by Jethro Tull,1,1,12,12
861,Hymn 43,Jethro Tull,,Hymn 43 by Jethro Tull,1,0,1,0
862,Living In The Past,Jethro Tull,1969,Living In The Past by Jethro Tull,1,1,13,13
863,Locomotive Breath,Jethro Tull,1971,Locomotive Breath by Jethro Tull,1,1,53,53
864,Nothing Is Easy,Jethro Tull,,Nothing Is Easy by Jethro Tull,1,0,2,0
865,Teacher,Jethro Tull,1972,Teacher by Jethro Tull,1,1,17,17
866,Thick As A Brick,Jethro Tull,,Thick As A Brick by Jethro Tull,1,0,15,0
867,Too Old To Rock 'n' Roll,Jethro Tull,,Too Old To Rock 'n' Roll by Jethro Tull,1,0,10,0
868,TIME IN A BOTTLE,Jim Croce,1972,TIME IN A BOTTLE by Jim Croce,1,1,1,1
869,All Along the Watchtower,Jimi Hendrix,1968,All Along the Watchtower by Jimi Hendrix,1,1,141,141
870,Angel,Jimi Hendrix,1971,Angel by Jimi Hendrix,1,1,1,1
871,Are You Experienced?,Jimi Hendrix,1967,Are You Experienced? by Jimi Hendrix,1,1,4,4
872,Crosstown Traffic,Jimi Hendrix,1968,Crosstown Traffic by Jimi Hendrix,1,1,8,8
873,Dolly Dagger,Jimi Hendrix,1970,Dolly Dagger by Jimi Hendrix,1,1,3,3
874,Fire,Jimi Hendrix,1967,Fire by Jimi Hendrix,1,1,63,63
875,Foxey Lady,Jimi Hendrix,1967,Foxey Lady by Jimi Hendrix,1,1,50,50
876,Hey Joe,Jimi Hendrix,1966,Hey Joe by Jimi Hendrix,1,1,51,51
877,If 6 Was 9,Jimi Hendrix,,If 6 Was 9 by Jimi Hendrix,1,0,1,0
878,Like a Rolling Stone,Jimi Hendrix,,Like a Rolling Stone by Jimi Hendrix,1,0,1,0
879,Little Wing,Jimi Hendrix,1967,Little Wing by Jimi Hendrix,1,1,6,6
880,Manic Depression,Jimi Hendrix,1967,Manic Depression by Jimi Hendrix,1,1,7,7
881,Purple Haze,Jimi Hendrix,1967,Purple Haze by Jimi Hendrix,1,1,67,67
882,Red House,Jimi Hendrix,1967,Red House by Jimi Hendrix,1,1,4,4
883,Stone Free,Jimi Hendrix,1966,Stone Free by Jimi Hendrix,1,1,4,4
884,The Wind Cries Mary,Jimi Hendrix,1967,The Wind Cries Mary by Jimi Hendrix,1,1,21,21
885,Third Stone From The Sun,Jimi Hendrix,1967,Third Stone From The Sun by Jimi Hendrix,1,1,2,2
886,Voodoo Child (Slight Return),Jimi Hendrix,1968,Voodoo Child (Slight Return) by Jimi Hendrix,1,1,2,2
887,Margaritaville,Jimmy Buffett,1977,Margaritaville by Jimmy Buffett,1,1,17,17
888,Son of a Son of a Sailor,Jimmy Buffett,1978,Son of a Son of a Sailor by Jimmy Buffett,1,1,1,1
889,Why Don't We Get Drunk,Jimmy Buffett,1973,Why Don't We Get Drunk by Jimmy Buffett,1,1,2,2
890,Bad Reputation,Joan Jett,1981,Bad Reputation by Joan Jett,1,1,1,1
891,Crimson And Clover,Joan Jett,,Crimson And Clover by Joan Jett,1,0,6,0
892,I Hate Myself For Loving You,Joan Jett,1988,I Hate Myself For Loving You by Joan Jett,1,1,16,16
893,I Love Rock 'n Roll,Joan Jett,1981,I Love Rock 'n Roll by Joan Jett,1,1,82,82
894,Cry Me a River,Joe Cocker,,Cry Me a River by Joe Cocker,1,0,1,0
895,Feelin' Alright,Joe Cocker,,Feelin' Alright by Joe Cocker,1,0,33,0
896,The Letter,Joe Cocker,,The Letter by Joe Cocker,1,0,1,0
897,With A Little Help From My Friends,Joe Cocker,1968,With A Little Help From My Friends by Joe Cocker,1,1,9,9
898,You Can Leave Your Hat On (Live),Joe Cocker,,You Can Leave Your Hat On (Live) by Joe Cocker,1,0,1,0
899,Is She Really Going Out With Him?,Joe Jackson,1979,Is She Really Going Out With Him? by Joe Jackson,1,1,6,6
900,"Always With Me, Always With You",Joe Satriani,,"Always With Me, Always With You by Joe Satriani",1,0,5,0
901,Summer Song,Joe Satriani,,Summer Song by Joe Satriani,1,0,4,0
902,A Life Of Illusion,Joe Walsh,1981,A Life Of Illusion by Joe Walsh,1,1,5,5
903,All Night Long,Joe Walsh,1980,All Night Long by Joe Walsh,1,1,41,41
904,Analog Man,Joe Walsh,2012,Analog Man by Joe Walsh,1,1,1,1
905,Funk #49,Joe Walsh,2012,Funk #49 by Joe Walsh,1,1,4,4
906,In the City,Joe Walsh,1979,In the City by Joe Walsh,1,1,6,6
907,Life's Been Good,Joe Walsh,,Life's Been Good by Joe Walsh,1,0,91,0
908,Ordinary Average Guy,Joe Walsh,1991,Ordinary Average Guy by Joe Walsh,1,1,2,2
909,Rocky Mountain Way,Joe Walsh,1973,Rocky Mountain Way by Joe Walsh,1,1,70,70
910,The Confessor,Joe Walsh,,The Confessor by Joe Walsh,1,0,7,0
911,Turn To Stone,Joe Walsh,,Turn To Stone by Joe Walsh,1,0,2,0
912,On the Dark Side,John Cafferty,1983,On the Dark Side by John Cafferty,1,1,19,19
913,Centerfield,John Fogerty,1985,Centerfield by John Fogerty,1,1,11,11
914,The Old Man Down The Road,John Fogerty,1985,The Old Man Down The Road by John Fogerty,1,1,12,12
915,#9 Dream,John Lennon,1974,#9 Dream by John Lennon,1,1,2,2
916,Imagine,John Lennon,1971,Imagine by John Lennon,1,1,31,31
917,Instant Karma,John Lennon,1970,Instant Karma by John Lennon,1,1,21,21
918,Mind Games,John Lennon,,Mind Games by John Lennon,1,0,1,0
919,Watching the Wheels,John Lennon,1980,Watching the Wheels by John Lennon,1,1,14,14
920,Woman,John Lennon,1980,Woman by John Lennon,1,1,1,1
921,Again Tonight,John Mellencamp,,Again Tonight by John Mellencamp,1,0,1,0
922,Ain't Even Done With the Night,John Mellencamp,,Ain't Even Done With the Night by John Mellencamp,1,0,2,0
923,Authority Song,John Mellencamp,1983,Authority Song by John Mellencamp,1,1,20,20
924,Check It Out,John Mellencamp,,Check It Out by John Mellencamp,1,0,1,0
925,Cherry Bomb,John Mellencamp,,Cherry Bomb by John Mellencamp,1,0,1,0
926,Crumblin' Down,John Mellencamp,1983,Crumblin' Down by John Mellencamp,1,1,17,17
927,Hurts So Good,John Mellencamp,1982,Hurts So Good by John Mellencamp,1,1,40,40
928,I Need A Lover,John Mellencamp,1978,I Need A Lover by John Mellencamp,1,1,24,24
929,Jack & Diane,John Mellencamp,1982,Jack & Diane by John Mellencamp,1,1,73,73
930,Lonely Ol' Night,John Mellencamp,1985,Lonely Ol' Night by John Mellencamp,1,1,7,7
931,Paper in Fire,John Mellencamp,1987,Paper in Fire by John Mellencamp,1,1,1,1
932,Pink Houses,John Mellencamp,1984,Pink Houses by John Mellencamp,1,1,34,34
933,R.O.C.K. In the U.S.A.,John Mellencamp,1985,R.O.C.K. In the U.S.A. by John Mellencamp,1,1,4,4
934,Rain On The Scarecrow,John Mellencamp,1985,Rain On The Scarecrow by John Mellencamp,1,1,1,1
935,Small Town,John Mellencamp,1985,Small Town by John Mellencamp,1,1,55,55
936,What If I Came Knocking,John Mellencamp,,What If I Came Knocking by John Mellencamp,1,0,1,0
937,Illegal Smile,John Prine,,Illegal Smile by John Prine,1,0,1,0
938,I CAN SEE CLEARLY NOW,Johnny Nash,1972,I CAN SEE CLEARLY NOW by Johnny Nash,1,1,2,2
939,Brickyard Road,Johnny Van Zant,1990,Brickyard Road by Johnny Van Zant,1,1,1,1
940,Shanty,Jonathan Edwards,,Shanty by Jonathan Edwards,1,0,2,0
941,Roadrunner,Jonathan Richman,1977,Roadrunner by Jonathan Richman,1,1,1,1
942,Any Way You Want It,Journey,1980,Any Way You Want It by Journey,1,1,105,105
943,City of the Angels,Journey,,City of the Angels by Journey,1,0,4,0
944,Don't Stop Believin',Journey,1981,Don't Stop Believin' by Journey,1,1,105,105
945,Escape,Journey,,Escape by Journey,1,0,1,0
946,Faithfully,Journey,1983,Faithfully by Journey,1,1,14,14
947,Feeling That Way,Journey,1978,Feeling That Way by Journey,1,1,13,13
948,Just the Same Way,Journey,,Just the Same Way by Journey,1,0,4,0
949,Lights,Journey,1978,Lights by Journey,1,1,93,93
950,Look Into The Future,Journey,,Look Into The Future by Journey,1,0,1,0
951,"Lovin', Touchin' Squeezin'",Journey,1979,"Lovin', Touchin' Squeezin' by Journey",1,1,60,60
952,Only the Young,Journey,1985,Only the Young by Journey,1,1,3,3
953,Open Arms,Journey,1982,Open Arms by Journey,1,1,10,10
954,Send Her My Love,Journey,1983,Send Her My Love by Journey,1,1,1,1
955,Separate Ways (Worlds Apart),Journey,1983,Separate Ways (Worlds Apart) by Journey,1,1,100,100
956,Stone In Love,Journey,,Stone In Love by Journey,1,0,32,0
957,Wheel in the Sky,Journey,1978,Wheel in the Sky by Journey,1,1,114,114
958,Who's Crying Now,Journey,1981,Who's Crying Now by Journey,1,1,29,29
959,Breaking The Law,Judas Priest,1980,Breaking The Law by Judas Priest,1,1,7,7
960,Diamonds And Rust,Judas Priest,,Diamonds And Rust by Judas Priest,1,0,1,0
961,Electric Eye,Judas Priest,1982,Electric Eye by Judas Priest,1,1,1,1
962,Heading Out To The Highway,Judas Priest,,Heading Out To The Highway by Judas Priest,1,0,10,0
963,Hot Rockin',Judas Priest,,Hot Rockin' by Judas Priest,1,0,1,0
964,Living After Midnight,Judas Priest,1980,Living After Midnight by Judas Priest,1,1,32,32
965,The Ripper,Judas Priest,1976,The Ripper by Judas Priest,1,1,1,1
966,Turbo Lover,Judas Priest,,Turbo Lover by Judas Priest,1,0,1,0
967,You've Got Another Thing Comin',Judas Priest,,You've Got Another Thing Comin' by Judas Priest,1,0,26,0
968,Simple Man,Junkyard,,Simple Man by Junkyard,1,0,1,0
969,Carry On Wayward Son,Kansas,1976,Carry On Wayward Son by Kansas,1,1,134,134
970,Dust In The Wind,Kansas,1977,Dust In The Wind by Kansas,1,1,62,62
971,Play the Game Tonight,Kansas,1982,Play the Game Tonight by Kansas,1,1,1,1
972,Point of Know Return,Kansas,1977,Point of Know Return by Kansas,1,1,30,30
973,I'm Alright,Kenny Loggins,1980,I'm Alright by Kenny Loggins,1,1,5,5
974,Just Dropped In,Kenny Loggins,,Just Dropped In by Kenny Loggins,1,0,1,0
975,Blue On Black,Kenny Wayne Shepherd,,Blue On Black by Kenny Wayne Shepherd,1,0,15,0
976,"Somehow, Somewhere, Someway",Kenny Wayne Shepherd,,"Somehow, Somewhere, Someway by Kenny Wayne Shepherd",1,0,1,0
977,All Summer Long,Kid Rock,2007,All Summer Long by Kid Rock,1,1,8,8
978,Cowboy,Kid Rock,1998,Cowboy by Kid Rock,1,1,3,3
979,Let's Ride,Kid Rock,2012,Let's Ride by Kid Rock,1,1,1,1
980,If I Say,Kingofthehill,,If I Say by Kingofthehill,1,0,1,0
981,Sex On Fire,Kings of Leon,2008,Sex On Fire by Kings of Leon,1,1,1,1
982,Use Somebody,Kings of Leon,2008,Use Somebody by Kings of Leon,1,1,2,2
983,Beth,Kiss,1976,Beth by Kiss,1,1,2,2
984,Calling Dr. Love,Kiss,1976,Calling Dr. Love by Kiss,1,1,4,4
985,Christeen Sixteen,Kiss,,Christeen Sixteen by Kiss,1,0,1,0
986,Cold Gin,Kiss,1973,Cold Gin by Kiss,1,1,2,2
987,Detroit Rock City,Kiss,1976,Detroit Rock City by Kiss,1,1,27,27
988,Heaven's On Fire,Kiss,,Heaven's On Fire by Kiss,1,0,2,0
989,Lick It Up,Kiss,1983,Lick It Up by Kiss,1,1,4,4
990,Rock And Roll All Nite,Kiss,1975,Rock And Roll All Nite by Kiss,1,1,119,119
991,Shout It out Loud,Kiss,,Shout It out Loud by Kiss,1,0,5,0
992,Strutter,Kiss,1974,Strutter by Kiss,1,1,1,1
993,Tears Are Falling,Kiss,,Tears Are Falling by Kiss,1,0,1,0
994,Long Stick Goes Boom,Krokus,,Long Stick Goes Boom by Krokus,1,0,1,0
995,Screaming In The Night,Krokus,,Screaming In The Night by Krokus,1,0,3,0
996,Stayed Awake All Night,Krokus,,Stayed Awake All Night by Krokus,1,0,1,0
997,Sex Action,L.A. Guns,,Sex Action by L.A. Guns,1,0,1,0
998,Key To The Rhyme,Lake,,Key To The Rhyme by Lake,1,0,1,0
999,All My Love,Led Zeppelin,1979,All My Love by Led Zeppelin,1,1,83,83
1000,Babe I'm Gonna Leave You,Led Zeppelin,1969,Babe I'm Gonna Leave You by Led Zeppelin,1,1,24,24
